-- MySQL dump 10.13  Distrib 5.5.52, for debian-linux-gnu (x86_64)
--
-- Host: localhost    Database: dailyprep
-- ------------------------------------------------------
-- Server version	5.5.52-0ubuntu0.14.04.1

/*!40101 SET @OLD_CHARACTER_SET_CLIENT=@@CHARACTER_SET_CLIENT */;
/*!40101 SET @OLD_CHARACTER_SET_RESULTS=@@CHARACTER_SET_RESULTS */;
/*!40101 SET @OLD_COLLATION_CONNECTION=@@COLLATION_CONNECTION */;
/*!40101 SET NAMES utf8 */;
/*!40103 SET @OLD_TIME_ZONE=@@TIME_ZONE */;
/*!40103 SET TIME_ZONE='+00:00' */;
/*!40014 SET @OLD_UNIQUE_CHECKS=@@UNIQUE_CHECKS, UNIQUE_CHECKS=0 */;
/*!40014 SET @OLD_FOREIGN_KEY_CHECKS=@@FOREIGN_KEY_CHECKS, FOREIGN_KEY_CHECKS=0 */;
/*!40101 SET @OLD_SQL_MODE=@@SQL_MODE, SQL_MODE='NO_AUTO_VALUE_ON_ZERO' */;
/*!40111 SET @OLD_SQL_NOTES=@@SQL_NOTES, SQL_NOTES=0 */;

--
-- Table structure for table `chapter_master`
--

DROP TABLE IF EXISTS `chapter_master`;
/*!40101 SET @saved_cs_client     = @@character_set_client */;
/*!40101 SET character_set_client = utf8 */;
CREATE TABLE `chapter_master` (
  `id` int(11) NOT NULL AUTO_INCREMENT,
  `name` varchar(255) NOT NULL,
  `abbreviation` varchar(100) DEFAULT NULL,
  `subject_id` int(11) NOT NULL,
  `create_date` timestamp NOT NULL DEFAULT CURRENT_TIMESTAMP,
  `modify_date` timestamp NOT NULL DEFAULT '0000-00-00 00:00:00',
  `created_by` varchar(100) DEFAULT NULL,
  `modified_by` varchar(100) DEFAULT NULL,
  PRIMARY KEY (`name`),
  UNIQUE KEY `id` (`id`),
  KEY `sub_id` (`subject_id`),
  CONSTRAINT `sub_id` FOREIGN KEY (`subject_id`) REFERENCES `subject_master` (`id`) ON DELETE CASCADE ON UPDATE CASCADE
) ENGINE=InnoDB DEFAULT CHARSET=latin1;
/*!40101 SET character_set_client = @saved_cs_client */;

--
-- Dumping data for table `chapter_master`
--

LOCK TABLES `chapter_master` WRITE;
/*!40000 ALTER TABLE `chapter_master` DISABLE KEYS */;
/*!40000 ALTER TABLE `chapter_master` ENABLE KEYS */;
UNLOCK TABLES;
/*!50003 SET @saved_cs_client      = @@character_set_client */ ;
/*!50003 SET @saved_cs_results     = @@character_set_results */ ;
/*!50003 SET @saved_col_connection = @@collation_connection */ ;
/*!50003 SET character_set_client  = utf8 */ ;
/*!50003 SET character_set_results = utf8 */ ;
/*!50003 SET collation_connection  = utf8_general_ci */ ;
/*!50003 SET @saved_sql_mode       = @@sql_mode */ ;
/*!50003 SET sql_mode              = 'NO_ENGINE_SUBSTITUTION' */ ;
DELIMITER ;;
/*!50003 CREATE*/ /*!50017 DEFINER=`root`@`localhost`*/ /*!50003 TRIGGER chapter_master_update_entry BEFORE UPDATE ON chapter_master FOR EACH ROW SET NEW.modify_date = CURRENT_TIMESTAMP */;;
DELIMITER ;
/*!50003 SET sql_mode              = @saved_sql_mode */ ;
/*!50003 SET character_set_client  = @saved_cs_client */ ;
/*!50003 SET character_set_results = @saved_cs_results */ ;
/*!50003 SET collation_connection  = @saved_col_connection */ ;

--
-- Table structure for table `exam_chapter`
--

DROP TABLE IF EXISTS `exam_chapter`;
/*!40101 SET @saved_cs_client     = @@character_set_client */;
/*!40101 SET character_set_client = utf8 */;
CREATE TABLE `exam_chapter` (
  `id` int(11) NOT NULL AUTO_INCREMENT,
  `exam_id` int(11) NOT NULL,
  `chapter_id` int(11) NOT NULL,
  `create_date` timestamp NOT NULL DEFAULT CURRENT_TIMESTAMP,
  `modify_date` timestamp NOT NULL DEFAULT '0000-00-00 00:00:00',
  `created_by` varchar(100) DEFAULT NULL,
  `modified_by` varchar(100) DEFAULT NULL,
  UNIQUE KEY `id` (`id`),
  KEY `ex_ec_id` (`exam_id`),
  KEY `chap_ec_id` (`chapter_id`),
  CONSTRAINT `chap_ec_id` FOREIGN KEY (`chapter_id`) REFERENCES `chapter_master` (`id`) ON DELETE CASCADE ON UPDATE CASCADE,
  CONSTRAINT `ex_ec_id` FOREIGN KEY (`exam_id`) REFERENCES `exam_master` (`id`) ON DELETE CASCADE ON UPDATE CASCADE
) ENGINE=InnoDB DEFAULT CHARSET=latin1;
/*!40101 SET character_set_client = @saved_cs_client */;

--
-- Dumping data for table `exam_chapter`
--

LOCK TABLES `exam_chapter` WRITE;
/*!40000 ALTER TABLE `exam_chapter` DISABLE KEYS */;
/*!40000 ALTER TABLE `exam_chapter` ENABLE KEYS */;
UNLOCK TABLES;
/*!50003 SET @saved_cs_client      = @@character_set_client */ ;
/*!50003 SET @saved_cs_results     = @@character_set_results */ ;
/*!50003 SET @saved_col_connection = @@collation_connection */ ;
/*!50003 SET character_set_client  = utf8 */ ;
/*!50003 SET character_set_results = utf8 */ ;
/*!50003 SET collation_connection  = utf8_general_ci */ ;
/*!50003 SET @saved_sql_mode       = @@sql_mode */ ;
/*!50003 SET sql_mode              = 'NO_ENGINE_SUBSTITUTION' */ ;
DELIMITER ;;
/*!50003 CREATE*/ /*!50017 DEFINER=`root`@`localhost`*/ /*!50003 TRIGGER exam_chapter_update_entry BEFORE UPDATE ON exam_chapter FOR EACH ROW SET NEW.modify_date = CURRENT_TIMESTAMP */;;
DELIMITER ;
/*!50003 SET sql_mode              = @saved_sql_mode */ ;
/*!50003 SET character_set_client  = @saved_cs_client */ ;
/*!50003 SET character_set_results = @saved_cs_results */ ;
/*!50003 SET collation_connection  = @saved_col_connection */ ;

--
-- Table structure for table `exam_master`
--

DROP TABLE IF EXISTS `exam_master`;
/*!40101 SET @saved_cs_client     = @@character_set_client */;
/*!40101 SET character_set_client = utf8 */;
CREATE TABLE `exam_master` (
  `id` int(11) NOT NULL AUTO_INCREMENT,
  `name` varchar(255) NOT NULL,
  `full_name` varchar(255) NOT NULL,
  `abbreviation` varchar(100) DEFAULT NULL,
  `create_date` timestamp NOT NULL DEFAULT CURRENT_TIMESTAMP,
  `modify_date` timestamp NOT NULL DEFAULT '0000-00-00 00:00:00',
  `created_by` varchar(100) DEFAULT NULL,
  `modified_by` varchar(100) DEFAULT NULL,
  `color_code` varchar(50) DEFAULT NULL,
  PRIMARY KEY (`name`),
  UNIQUE KEY `id` (`id`)
) ENGINE=InnoDB AUTO_INCREMENT=5 DEFAULT CHARSET=latin1;
/*!40101 SET character_set_client = @saved_cs_client */;

--
-- Dumping data for table `exam_master`
--

LOCK TABLES `exam_master` WRITE;
/*!40000 ALTER TABLE `exam_master` DISABLE KEYS */;
INSERT INTO `exam_master` VALUES (1,'GATE-CSE','GATE Computer Science and Engineering Exam','cse','2016-09-07 11:39:38','2016-09-07 11:43:30',NULL,NULL,'#fe8664'),(2,'GATE-ECE','GATE Electronics and Communication Engineering Exam','ece','2016-09-07 11:39:38','2016-09-07 11:43:42',NULL,NULL,'#56bdde'),(3,'GATE-EE','GATE Electrical Engineering Exam','ee','2016-09-07 11:40:33','2016-09-07 11:43:53',NULL,NULL,'#b198dc'),(4,'GATE-ME','GATE Mechanical Engineering Exam','me','2016-09-07 11:40:33','2016-09-07 11:44:04',NULL,NULL,'#6dc7be');
/*!40000 ALTER TABLE `exam_master` ENABLE KEYS */;
UNLOCK TABLES;
/*!50003 SET @saved_cs_client      = @@character_set_client */ ;
/*!50003 SET @saved_cs_results     = @@character_set_results */ ;
/*!50003 SET @saved_col_connection = @@collation_connection */ ;
/*!50003 SET character_set_client  = utf8 */ ;
/*!50003 SET character_set_results = utf8 */ ;
/*!50003 SET collation_connection  = utf8_general_ci */ ;
/*!50003 SET @saved_sql_mode       = @@sql_mode */ ;
/*!50003 SET sql_mode              = 'NO_ENGINE_SUBSTITUTION' */ ;
DELIMITER ;;
/*!50003 CREATE*/ /*!50017 DEFINER=`root`@`localhost`*/ /*!50003 TRIGGER exam_master_update_entry BEFORE UPDATE ON exam_master FOR EACH ROW SET NEW.modify_date = CURRENT_TIMESTAMP */;;
DELIMITER ;
/*!50003 SET sql_mode              = @saved_sql_mode */ ;
/*!50003 SET character_set_client  = @saved_cs_client */ ;
/*!50003 SET character_set_results = @saved_cs_results */ ;
/*!50003 SET collation_connection  = @saved_col_connection */ ;

--
-- Table structure for table `exam_subject`
--

DROP TABLE IF EXISTS `exam_subject`;
/*!40101 SET @saved_cs_client     = @@character_set_client */;
/*!40101 SET character_set_client = utf8 */;
CREATE TABLE `exam_subject` (
  `id` int(11) NOT NULL AUTO_INCREMENT,
  `exam_id` int(11) NOT NULL,
  `subject_id` int(11) NOT NULL,
  `create_date` timestamp NOT NULL DEFAULT CURRENT_TIMESTAMP,
  `modify_date` timestamp NOT NULL DEFAULT '0000-00-00 00:00:00',
  `created_by` varchar(100) DEFAULT NULL,
  `modified_by` varchar(100) DEFAULT NULL,
  UNIQUE KEY `id` (`id`),
  KEY `ex_id` (`exam_id`),
  KEY `sub_es_id` (`subject_id`),
  CONSTRAINT `ex_id` FOREIGN KEY (`exam_id`) REFERENCES `exam_master` (`id`) ON DELETE CASCADE ON UPDATE CASCADE,
  CONSTRAINT `sub_es_id` FOREIGN KEY (`subject_id`) REFERENCES `subject_master` (`id`) ON DELETE CASCADE ON UPDATE CASCADE
) ENGINE=InnoDB DEFAULT CHARSET=latin1;
/*!40101 SET character_set_client = @saved_cs_client */;

--
-- Dumping data for table `exam_subject`
--

LOCK TABLES `exam_subject` WRITE;
/*!40000 ALTER TABLE `exam_subject` DISABLE KEYS */;
/*!40000 ALTER TABLE `exam_subject` ENABLE KEYS */;
UNLOCK TABLES;
/*!50003 SET @saved_cs_client      = @@character_set_client */ ;
/*!50003 SET @saved_cs_results     = @@character_set_results */ ;
/*!50003 SET @saved_col_connection = @@collation_connection */ ;
/*!50003 SET character_set_client  = utf8 */ ;
/*!50003 SET character_set_results = utf8 */ ;
/*!50003 SET collation_connection  = utf8_general_ci */ ;
/*!50003 SET @saved_sql_mode       = @@sql_mode */ ;
/*!50003 SET sql_mode              = 'NO_ENGINE_SUBSTITUTION' */ ;
DELIMITER ;;
/*!50003 CREATE*/ /*!50017 DEFINER=`root`@`localhost`*/ /*!50003 TRIGGER exam_subject_update_entry BEFORE UPDATE ON exam_subject FOR EACH ROW SET NEW.modify_date = CURRENT_TIMESTAMP */;;
DELIMITER ;
/*!50003 SET sql_mode              = @saved_sql_mode */ ;
/*!50003 SET character_set_client  = @saved_cs_client */ ;
/*!50003 SET character_set_results = @saved_cs_results */ ;
/*!50003 SET collation_connection  = @saved_col_connection */ ;

--
-- Table structure for table `exam_topic`
--

DROP TABLE IF EXISTS `exam_topic`;
/*!40101 SET @saved_cs_client     = @@character_set_client */;
/*!40101 SET character_set_client = utf8 */;
CREATE TABLE `exam_topic` (
  `id` int(11) NOT NULL AUTO_INCREMENT,
  `exam_id` int(11) NOT NULL,
  `topic_id` int(11) NOT NULL,
  `create_date` timestamp NOT NULL DEFAULT CURRENT_TIMESTAMP,
  `modify_date` timestamp NOT NULL DEFAULT '0000-00-00 00:00:00',
  `created_by` varchar(100) DEFAULT NULL,
  `modified_by` varchar(100) DEFAULT NULL,
  UNIQUE KEY `id` (`id`),
  KEY `ex_et_id` (`exam_id`),
  KEY `top_et_id` (`topic_id`),
  CONSTRAINT `ex_et_id` FOREIGN KEY (`exam_id`) REFERENCES `exam_master` (`id`) ON DELETE CASCADE ON UPDATE CASCADE,
  CONSTRAINT `top_et_id` FOREIGN KEY (`topic_id`) REFERENCES `topic_master` (`id`) ON DELETE CASCADE ON UPDATE CASCADE
) ENGINE=InnoDB DEFAULT CHARSET=latin1;
/*!40101 SET character_set_client = @saved_cs_client */;

--
-- Dumping data for table `exam_topic`
--

LOCK TABLES `exam_topic` WRITE;
/*!40000 ALTER TABLE `exam_topic` DISABLE KEYS */;
/*!40000 ALTER TABLE `exam_topic` ENABLE KEYS */;
UNLOCK TABLES;
/*!50003 SET @saved_cs_client      = @@character_set_client */ ;
/*!50003 SET @saved_cs_results     = @@character_set_results */ ;
/*!50003 SET @saved_col_connection = @@collation_connection */ ;
/*!50003 SET character_set_client  = utf8 */ ;
/*!50003 SET character_set_results = utf8 */ ;
/*!50003 SET collation_connection  = utf8_general_ci */ ;
/*!50003 SET @saved_sql_mode       = @@sql_mode */ ;
/*!50003 SET sql_mode              = 'NO_ENGINE_SUBSTITUTION' */ ;
DELIMITER ;;
/*!50003 CREATE*/ /*!50017 DEFINER=`root`@`localhost`*/ /*!50003 TRIGGER exam_topic_update_entry BEFORE UPDATE ON exam_topic FOR EACH ROW SET NEW.modify_date = CURRENT_TIMESTAMP */;;
DELIMITER ;
/*!50003 SET sql_mode              = @saved_sql_mode */ ;
/*!50003 SET character_set_client  = @saved_cs_client */ ;
/*!50003 SET character_set_results = @saved_cs_results */ ;
/*!50003 SET collation_connection  = @saved_col_connection */ ;

--
-- Table structure for table `learning_outcome`
--

DROP TABLE IF EXISTS `learning_outcome`;
/*!40101 SET @saved_cs_client     = @@character_set_client */;
/*!40101 SET character_set_client = utf8 */;
CREATE TABLE `learning_outcome` (
  `id` int(11) NOT NULL AUTO_INCREMENT,
  `name` varchar(255) NOT NULL,
  `create_date` timestamp NOT NULL DEFAULT CURRENT_TIMESTAMP,
  `modify_date` timestamp NOT NULL DEFAULT '0000-00-00 00:00:00',
  `created_by` varchar(100) DEFAULT NULL,
  `modified_by` varchar(100) DEFAULT NULL,
  PRIMARY KEY (`name`),
  UNIQUE KEY `id` (`id`)
) ENGINE=InnoDB AUTO_INCREMENT=7 DEFAULT CHARSET=latin1;
/*!40101 SET character_set_client = @saved_cs_client */;

--
-- Dumping data for table `learning_outcome`
--

LOCK TABLES `learning_outcome` WRITE;
/*!40000 ALTER TABLE `learning_outcome` DISABLE KEYS */;
INSERT INTO `learning_outcome` VALUES (4,'Analysis','2016-09-08 10:30:51','0000-00-00 00:00:00',NULL,NULL),(3,'Application','2016-09-08 10:30:51','0000-00-00 00:00:00',NULL,NULL),(2,'Comprehension','2016-09-08 10:30:51','0000-00-00 00:00:00',NULL,NULL),(5,'Evaluation','2016-09-08 10:30:51','0000-00-00 00:00:00',NULL,NULL),(1,'Knowledge','2016-09-08 10:30:51','0000-00-00 00:00:00',NULL,NULL),(6,'Synthesis','2016-09-08 10:30:51','0000-00-00 00:00:00',NULL,NULL);
/*!40000 ALTER TABLE `learning_outcome` ENABLE KEYS */;
UNLOCK TABLES;
/*!50003 SET @saved_cs_client      = @@character_set_client */ ;
/*!50003 SET @saved_cs_results     = @@character_set_results */ ;
/*!50003 SET @saved_col_connection = @@collation_connection */ ;
/*!50003 SET character_set_client  = utf8 */ ;
/*!50003 SET character_set_results = utf8 */ ;
/*!50003 SET collation_connection  = utf8_general_ci */ ;
/*!50003 SET @saved_sql_mode       = @@sql_mode */ ;
/*!50003 SET sql_mode              = 'NO_ENGINE_SUBSTITUTION' */ ;
DELIMITER ;;
/*!50003 CREATE*/ /*!50017 DEFINER=`root`@`localhost`*/ /*!50003 TRIGGER learning_outcome_update_entry BEFORE UPDATE ON learning_outcome FOR EACH ROW SET NEW.modify_date = CURRENT_TIMESTAMP */;;
DELIMITER ;
/*!50003 SET sql_mode              = @saved_sql_mode */ ;
/*!50003 SET character_set_client  = @saved_cs_client */ ;
/*!50003 SET character_set_results = @saved_cs_results */ ;
/*!50003 SET collation_connection  = @saved_col_connection */ ;

--
-- Table structure for table `logs`
--

DROP TABLE IF EXISTS `logs`;
/*!40101 SET @saved_cs_client     = @@character_set_client */;
/*!40101 SET character_set_client = utf8 */;
CREATE TABLE `logs` (
  `id` int(11) NOT NULL AUTO_INCREMENT,
  `user_email` varchar(255) DEFAULT NULL,
  `platform` varchar(255) DEFAULT NULL,
  `device_info` text,
  `api_request` text,
  `api_response` text,
  `create_date` timestamp NOT NULL DEFAULT CURRENT_TIMESTAMP,
  `modify_date` timestamp NOT NULL DEFAULT '0000-00-00 00:00:00',
  `created_by` varchar(100) DEFAULT NULL,
  `modified_by` varchar(100) DEFAULT NULL,
  UNIQUE KEY `id` (`id`)
) ENGINE=InnoDB DEFAULT CHARSET=latin1;
/*!40101 SET character_set_client = @saved_cs_client */;

--
-- Dumping data for table `logs`
--

LOCK TABLES `logs` WRITE;
/*!40000 ALTER TABLE `logs` DISABLE KEYS */;
/*!40000 ALTER TABLE `logs` ENABLE KEYS */;
UNLOCK TABLES;
/*!50003 SET @saved_cs_client      = @@character_set_client */ ;
/*!50003 SET @saved_cs_results     = @@character_set_results */ ;
/*!50003 SET @saved_col_connection = @@collation_connection */ ;
/*!50003 SET character_set_client  = utf8 */ ;
/*!50003 SET character_set_results = utf8 */ ;
/*!50003 SET collation_connection  = utf8_general_ci */ ;
/*!50003 SET @saved_sql_mode       = @@sql_mode */ ;
/*!50003 SET sql_mode              = 'NO_ENGINE_SUBSTITUTION' */ ;
DELIMITER ;;
/*!50003 CREATE*/ /*!50017 DEFINER=`root`@`localhost`*/ /*!50003 TRIGGER logs_update_entry BEFORE UPDATE ON logs FOR EACH ROW SET NEW.modify_date = CURRENT_TIMESTAMP */;;
DELIMITER ;
/*!50003 SET sql_mode              = @saved_sql_mode */ ;
/*!50003 SET character_set_client  = @saved_cs_client */ ;
/*!50003 SET character_set_results = @saved_cs_results */ ;
/*!50003 SET collation_connection  = @saved_col_connection */ ;

--
-- Table structure for table `newsletter`
--

DROP TABLE IF EXISTS `newsletter`;
/*!40101 SET @saved_cs_client     = @@character_set_client */;
/*!40101 SET character_set_client = utf8 */;
CREATE TABLE `newsletter` (
  `news_id` int(11) NOT NULL AUTO_INCREMENT,
  `news_email` varchar(100) NOT NULL,
  `create_date` timestamp NOT NULL DEFAULT CURRENT_TIMESTAMP,
  PRIMARY KEY (`news_email`),
  UNIQUE KEY `news_id` (`news_id`)
) ENGINE=InnoDB AUTO_INCREMENT=13 DEFAULT CHARSET=latin1;
/*!40101 SET character_set_client = @saved_cs_client */;

--
-- Dumping data for table `newsletter`
--

LOCK TABLES `newsletter` WRITE;
/*!40000 ALTER TABLE `newsletter` DISABLE KEYS */;
INSERT INTO `newsletter` VALUES (2,'','2016-09-06 10:04:55'),(11,'barmanganesh1@gmail.com','2016-09-16 19:16:22'),(4,'eluripraveen@gmail.com','2016-09-14 09:05:05'),(3,'jitesh.04engg@gmail.com','2016-09-13 09:04:31'),(5,'Mravi7133@gmail.com','2016-09-14 13:04:50'),(7,'pamuprasanth789@gmail.com','2016-09-15 13:54:45'),(10,'prakashanand1122@gmail.com','2016-09-16 15:16:31'),(12,'vikash000pandey@gmail.com','2016-09-16 20:00:30'),(1,'vikrant.chauhan@numetriclabz.com','2016-09-01 13:10:38');
/*!40000 ALTER TABLE `newsletter` ENABLE KEYS */;
UNLOCK TABLES;

--
-- Table structure for table `subject_master`
--

DROP TABLE IF EXISTS `subject_master`;
/*!40101 SET @saved_cs_client     = @@character_set_client */;
/*!40101 SET character_set_client = utf8 */;
CREATE TABLE `subject_master` (
  `id` int(11) NOT NULL AUTO_INCREMENT,
  `name` varchar(255) NOT NULL,
  `abbreviation` varchar(100) DEFAULT NULL,
  `create_date` timestamp NOT NULL DEFAULT CURRENT_TIMESTAMP,
  `modify_date` timestamp NOT NULL DEFAULT '0000-00-00 00:00:00',
  `created_by` varchar(100) DEFAULT NULL,
  `modified_by` varchar(100) DEFAULT NULL,
  PRIMARY KEY (`name`),
  UNIQUE KEY `id` (`id`)
) ENGINE=InnoDB DEFAULT CHARSET=latin1;
/*!40101 SET character_set_client = @saved_cs_client */;

--
-- Dumping data for table `subject_master`
--

LOCK TABLES `subject_master` WRITE;
/*!40000 ALTER TABLE `subject_master` DISABLE KEYS */;
/*!40000 ALTER TABLE `subject_master` ENABLE KEYS */;
UNLOCK TABLES;
/*!50003 SET @saved_cs_client      = @@character_set_client */ ;
/*!50003 SET @saved_cs_results     = @@character_set_results */ ;
/*!50003 SET @saved_col_connection = @@collation_connection */ ;
/*!50003 SET character_set_client  = utf8 */ ;
/*!50003 SET character_set_results = utf8 */ ;
/*!50003 SET collation_connection  = utf8_general_ci */ ;
/*!50003 SET @saved_sql_mode       = @@sql_mode */ ;
/*!50003 SET sql_mode              = 'NO_ENGINE_SUBSTITUTION' */ ;
DELIMITER ;;
/*!50003 CREATE*/ /*!50017 DEFINER=`root`@`localhost`*/ /*!50003 TRIGGER subject_master_update_entry BEFORE UPDATE ON subject_master FOR EACH ROW SET NEW.modify_date = CURRENT_TIMESTAMP */;;
DELIMITER ;
/*!50003 SET sql_mode              = @saved_sql_mode */ ;
/*!50003 SET character_set_client  = @saved_cs_client */ ;
/*!50003 SET character_set_results = @saved_cs_results */ ;
/*!50003 SET collation_connection  = @saved_col_connection */ ;

--
-- Table structure for table `test_info`
--

DROP TABLE IF EXISTS `test_info`;
/*!40101 SET @saved_cs_client     = @@character_set_client */;
/*!40101 SET character_set_client = utf8 */;
CREATE TABLE `test_info` (
  `id` int(11) NOT NULL AUTO_INCREMENT,
  `test_id` int(11) NOT NULL,
  `question` text,
  `answer_choices` text,
  `correct_answer` varchar(255) DEFAULT NULL,
  `explanation` text,
  `lo_id` int(11) DEFAULT NULL,
  `create_date` timestamp NOT NULL DEFAULT CURRENT_TIMESTAMP,
  `modify_date` timestamp NOT NULL DEFAULT '0000-00-00 00:00:00',
  `created_by` varchar(100) DEFAULT NULL,
  `modified_by` varchar(100) DEFAULT NULL,
  UNIQUE KEY `id` (`id`),
  KEY `lo_ti_id` (`lo_id`),
  CONSTRAINT `lo_ti_id` FOREIGN KEY (`lo_id`) REFERENCES `learning_outcome` (`id`) ON DELETE CASCADE ON UPDATE CASCADE
) ENGINE=InnoDB AUTO_INCREMENT=161 DEFAULT CHARSET=latin1;
/*!40101 SET character_set_client = @saved_cs_client */;

--
-- Dumping data for table `test_info`
--

LOCK TABLES `test_info` WRITE;
/*!40000 ALTER TABLE `test_info` DISABLE KEYS */;
INSERT INTO `test_info` VALUES (1,1,'Which of the following problems are decidable?<br/>\r\n1) Does a given program ever produce an output?<br/>\r\n2) If L is context-free language, then, is L also context-free?<br/>\r\n3) If L is regular language, then, is L also regular?<br/>\r\n4) If L is recursive language, then, is L also recursive?','[\"1,2,3,4\", \"1,2\", \"2,3,4\", \"3,4\"]','3','                    CFL’s are not closed under complementation. Regular and recursive languages are closed under complementation.   \r\n          \r\n        ',NULL,'2016-09-12 04:24:39','2016-09-17 04:05:34',NULL,NULL),(2,1,'Given the language L-{ab, aa, baa}, which of the following strings are in L*? <br/> 1) abaabaaabaa <br/>  2) aaaabaaaa <br/>  3) baaaaabaaaab <br/>  4) baaaaabaa','[\"1,2 and 3 \", \"2,3 and 4 \", \"1,2 and 4 \", \"1,3 and 4\"]','2','L ={ab, aa, baa } <br/> Let S1 = ab , S2 = aa and S3 =baa <br/> abaabaaabaa can be written as S1S2S3S1S2 <br/> aaaabaaaa can be written as S1S1S3S1 <br/> baaaaabaa can be written as S3S2S1S2 ',NULL,'2016-09-12 04:29:42','0000-00-00 00:00:00',NULL,NULL),(3,1,'In the IPv4 addressing format, the number of networks allowed under Class C addresses is ','[\"2<sup>14 </sup> \", \" 2<sup>7</sup> \", \"2<sup>21</sup> \", \"2<sup>24</sup>\"]','2','For class C address, size of network field is 24 bits. But first 3 bits are fixed as 110. <br/>Hence total number of networks possible is 2<sup>21</sup>.',NULL,'2016-09-12 04:33:58','2016-09-12 04:36:27',NULL,NULL),(4,1,'Which of the following transport layer protocols is used to support electronic mail? ','[\"SMTP \", \" IP \", \" TCP \", \" UDP\"]','2','                    E-mail uses SMTP, application layer protocol which intern uses TCP transport layer protocol.   \r\n          \r\n        ',NULL,'2016-09-12 04:40:41','2016-09-12 09:35:37',NULL,NULL),(5,1,'Consider a random variable X that takes values + 1 and -1 with probability 0.5 each. The values of the cumulative distribution function F(x) at x = -1 and +1 are ','[\" 0 and 0.5 \", \" 0 and 1  \", \" 0.5 and 1 \", \" 0.25 and 0.75 \"]','2','The cumulative distribution function F( x ) = P( X <= x) <br/>F (-1)= P (X <=-1) P (X =-1 ) = 0.5 <br/>F(+1) = P(X<=+1) =P(X=-1)+P(X=-1) = 0.5 + 0.5 = 1',NULL,'2016-09-12 04:50:14','0000-00-00 00:00:00',NULL,NULL),(6,1,'Register renaming is done is pipelined processors ','[\" as an alternative to register allocation at compile time \", \" for efficient access to function parameters and local variables  \", \"to handle certain kinds of hazards  \", \"  as part of address translation \"]','2','Register renaming is done to eliminate WAR/WAW hazards. ',NULL,'2016-09-12 04:51:51','0000-00-00 00:00:00',NULL,NULL),(7,1,'The amount of ROM needed to implement a 4 bit multiplier is ','[\"64 bits\", \" 128 bits \", \"1 Kbits\", \"  2 Kbits\"]','3','For a 4 bit multiplier there are  256 combinations.  Output will contain 8 bits.  So the amount of ROM needed is 2^8 * 8 bits = 2Kbits.',NULL,'2016-09-12 04:54:53','0000-00-00 00:00:00',NULL,NULL),(9,1,'Let W(n) and A(n) denote respectively, the worst case and average case running time of an algorithm executed on an input of size n. Which of the following is ALWAYS TRUE? ','[\"A(n)=&#x3A9;(W(n)) \", \" A(n)=&#x398;(W(n)) \", \"A(n)=O(W(n)) \", \"A(n)=o(W(n)) \"]','2','The average case time can be lesser than or even equal to the worst case. So A(n) would be\r\nupper bounded by W(n) and it will not be strict upper bound as it can even be same (e.g.\r\nBubble Sort and merge sort).<br/>? A (n) = O (W( n)).',NULL,'2016-09-12 05:34:30','0000-00-00 00:00:00',NULL,NULL),(10,1,'Let G be a simple undirected planar graph on 10 vertices with 15edges. If G is a connected graph, then the number of bounded faces in any embedding of G on the plane is equal to ','[\"3 \", \" 4\", \"5\", \"6\"]','3','We have the relation V-E+F=2, by this we will get the total number of faces, F = 7. Out of 7 faces one is an unbounded face, so total 6 bounded faces. ',NULL,'2016-09-12 05:39:07','0000-00-00 00:00:00',NULL,NULL),(11,1,'The recurrence relation capturing the optimal execution time of the Towers of Hanoi problem with n discs is ','[\"T(n)= 2T( n -2)+ 2 \", \"T(n)= 2T( n -1)+ n\", \"T(n)= 2T( n /2)+ 1\", \"T(n)= 2T( n -1)+ 1\"]','3','Let the three pegs be A,B and C, the goal is to move n pegs from A to C using peg B <br/>\r\n The following sequence of steps are executed recursively<br/>\r\n 1.move n?1 discs from A to B. This leaves disc n alone on peg A --- T(n-1)<br/>\r\n 2.move disc n from A to C---------1<br/>\r\n 3.move n?1 discs from B to C so they sit on disc n----- T(n-1)<br/>\r\n So, T(n) = 2T(n-1) +1 ',NULL,'2016-09-12 05:45:25','0000-00-00 00:00:00',NULL,NULL),(12,1,'Which of the following statements are TRUE about an SQL query?<br/>\r\n P : An SQL query can contain a HAVING clause even if it does not have a\r\n GROUP BY clause<br/>\r\n Q : An SQL query can contain a HAVING clause only if it has GROUP BY\r\n clause<br/>\r\n R : All attributes used in the GROUP BY clause must appear in the SELECT\r\n clause<br/>\r\n S : Not all attributes used in the GROUP BY clause need to appear in the\r\n SELECT clause ','[\" P and R  \", \"  P and S \", \"Q and R  \", \"Q and S \"]','1','If we use a HAVING clause without a GROUP BY clause, the HAVING condition applies to\r\nall rows that satisfy the search condition. In other words, all rows that satisfy the search\r\ncondition make up a single group.<br/> So, option P is true and Q is false. \r\n        ',NULL,'2016-09-12 05:51:39','0000-00-00 00:00:00',NULL,NULL),(13,1,'Given the basic ER and relational models, which of the following is INCORRECT?','[\" An attribute of an entity can have more than one value \", \" An attribute of an entity can be composite \", \"In a row of a relational table, an attribute can have more than one value \", \"In a row of a relational table, an attribute can have exactly one value or a NULL value  \"]','2','The term ‘entity’ belongs to ER model and the term ‘relational table’ belongs to relational\r\nmodel.<br/>\r\n Options A and B both are true since ER model supports both multivalued and composite\r\nattributes.<br/>\r\n As multivalued attributes are not allowed in relational databases, in a row of a relational\r\n(table), an attribute cannot have more than one value.\r\n        ',NULL,'2016-09-12 05:53:50','0000-00-00 00:00:00',NULL,NULL),(16,1,'What is the correct translation of the following statement into mathematical logic? <br/>\r\n“Some real numbers are rational” ','[\"?x (real (x) v rational (x)) \", \"?x (real (x) ? rational (x))\",\"?x (real (x) ? rational (x))\",\"?x (real (x) ? rational (x))\"]','2',' Option A: There exists x which is either real or rational and can be both.<br/>\r\n Option B: All real numbers are rational.<br/>\r\n Option C: There exists a real number which is rational.<br/>\r\n Option D: There exists some number which is not rational or which is real. \r\n        ',NULL,'2016-09-12 06:11:29','0000-00-00 00:00:00',NULL,NULL),(17,1,'Let A be the 2 x 2 matrix with elements a<sub>11</sub> = a<sub>12</sub> = a<sub>21</sub>= + 1 and a<sub>22</sub> =-1. Then the eigen values\r\nof the matrix A<sup>19</sup> are ','[\"1024 and -1024 \", \"1024 &radic; 2 and -1024 &radic; 2 \",\"4 &radic 2 and -4 &radic 2 \",\"512 &radic;  2 and -512 &radic;  2 \"]','3','Characteristic equation of A is |A I | 0 where is the eigen value <br/>\r\n<table class=\"matrix\">\r\n        <tr>\r\n            <td>1-?</td>\r\n            <td>1</td>\r\n            \r\n        </tr>\r\n        <tr>\r\n            <td>1</td>\r\n            <td>-1-?</td>\r\n        </tr>\r\n    </table>\r\n        =0 ? ?<sup>2</sup> ?2 = 0? ? <sup>2</sup>=±&radic; 2 <br/>\r\nEvery matrix satisfies its characteristic equation Therefore  A<sup>2</sup> - 2I = 0 ? A<sup>2</sup>= 2I .<br/>\r\nA<sup>19</sup> = A<sup>18</sup>X A =( A<sup>2</sup>)<sup>9</sup> X A = ( 2I)<sup>9</sup> X A = 512 X A <br/>\r\nHence eigen values of A<sup>19</sup> are ±512 &radic;  2.',NULL,'2016-09-12 06:34:43','0000-00-00 00:00:00',NULL,NULL),(18,1,'Consider a random variable X that takes values + 1 and -1 with probability 0.5 each. The values of the cumulative distribution function F(x) at x = -1 and +1 are  12','[\" 0 and 0.5 \", \" 0 and 1  \", \" 0.5 and 1 \", \" 0.25 and 0.75 \"]','2','          The cumulative distribution function F( x ) = P( X <= x) <br/>F (-1)= P (X <=-1) P (X =-1 ) = 0.5 <br/>F(+1) = P(X<=+1) =P(X=-1)+P(X=-1) = 0.5 + 0.5 = 1  \r\n        ',NULL,'2016-09-12 07:28:51','0000-00-00 00:00:00',NULL,NULL),(20,1,'The protocol data unit (PDU) for the application layer in the Internet stack is ',' [\"Segment\",\"Datagram\",\"Message\",\"Frame \"]','2','The PDU for Datalink layer, Network layer , Transport layer and Application layer are frame,\r\ndatagram, segment and message respectively.\r\n        ',NULL,'2016-09-12 07:37:18','0000-00-00 00:00:00',NULL,NULL),(21,1,'Consider the function f(x) = sin(x) in the interval x &#x2208;[&#x220F;/ 4,7 &#x220F;/ 4 ]. The number and location (s) of the local minima of this function are ',' [\"One, at &#x220F;/ 2\",\"One, at 3 &#x220F;/ 2\",\"Two, at &#x220F; / 2 and 3&#x220F; / 2 \",\"Two, at &#x220F;/ 4and3 &#x220F;/ 2 \"]','1','Sin x has a maximum value of 1 at &#x220F; / 2  and a minimum value of –1 at 3 &#x220F; / 2  and at all angles conterminal with them.\r\n Therefore,it has one local minimum at 3&#x220F; / 2. \r\n\r\n        ',NULL,'2016-09-12 07:44:56','0000-00-00 00:00:00',NULL,NULL),(22,1,'A process executes the code<br/> fork ();<br/>fork ();<br/>fork ();<br/>\r\n The total number of child processes created is ',' [\"3\",\"4\",\"7\",\"8\"]','2','If fork is called n times, there will be total 2<sup>n</sup>running processes including the parent process. <br/>\r\nSo, there will be 2<sup>n</sup>-1 child processes. \r\n\r\n        ',NULL,'2016-09-12 07:47:06','0000-00-00 00:00:00',NULL,NULL),(23,1,'The decimal value 0.5 in IEEE single precision floating point representation has ',' [\" fraction bits of 000…000 and exponent value of 0 \",\" fraction bits of 000…000 and exponent value of -1 \",\"fraction bits of 100…000 and exponent value of 0 \",\"no exact representation \"]','1','(0.5)<sub>10</sub>= (1.0)<sub>2</sub> X 2 <sup>-1</sup>.\r\n So, exponent = -1 and fraction is 000 - - - 000 \r\n\r\n        ',NULL,'2016-09-12 07:51:34','0000-00-00 00:00:00',NULL,NULL),(24,1,'Consider the set of strings on {0,1} in which, every substring of 3 symbols has at most two\r\nzeros. For example, 001110 and 011001 are in the language, but 100010 is not. All strings of length less than 3 are also in the language. A partially completed DFA that accepts this\r\nlanguage is shown below. <br/>\r\n<img src=\"https://dailyprep.co/question-images/2012-26.png\" /><br/>\r\nThe missing arcs in the DFA are : <br/>\r\n<img src=\"https://dailyprep.co/question-images/2012-26-1.png\" /> ',' [\" X \",\"X + Y \",\"X ? Y \",\"Y\"]','0','                    XY\' + XY =  X (Y\'+ Y) = X\r\n\r\n          \r\n          \r\n        ',NULL,'2016-09-12 07:57:36','2016-09-12 11:53:53',NULL,NULL),(25,1,'The worst case running time to search for an element in a balanced binary search tree with\r\nn2<sup>n </sup> elements is :',' [\"&#x398;(n log n)  \",\"&#x398;(n 2<sup> n</sup>) \",\"&#x398;(n)  \",\"&#x398;(log n)\"]','2','The worst case search time in a balanced BST on ‘x’ nodes is logx. So, if x =n2<sup>2</sup>\r\n, then log(n2<sup>n</sup>) = log n + log(2<sup>n</sup>) = log n + n = &#x398;(n) \r\n\r\n        ',NULL,'2016-09-12 08:09:44','0000-00-00 00:00:00',NULL,NULL),(26,1,'Assuming P &#x2260; NP,  which of the following is TRUE? ',' [\" NP-complete = NP\",\" NP-complete &#x2229; = &#x3C6;\",\" NP-hard = NP\",\"P = NP-complete \"]','1','If P!=NP, then it implies that no NP-Complete problem can be solved in polynomialtime\r\nwhich implies that the set P and the set NPC are disjoint. \r\n\r\n        ',NULL,'2016-09-12 08:13:32','0000-00-00 00:00:00',NULL,NULL),(28,1,'Which of the following is TRUE?','[\" Every relation is 3NF is also in BCNF \",\"A relation R is in 3NF if every non-prime attribute of R is fully functionally dependent on\r\nevery key of R \",\"Every relation in BCNF is also in 3NF \",\"No relation can be in both BCNF and 3NF \"]','2','Option A is false since BCNF is stricter than 3NF (it needs LHS of all FDs should be candidate\r\nkey for 3NF condition)\r\n Option B is false since the definition given here is of 2NF\r\n Option C is true, since for a relation to be in BCNF it needs to be in 3NF, every relation in\r\nBCNF satisfies all the properties of 3NF.\r\n Option D is false, since if a relation is in BCNF it will always be in 3NF.             \r\n        ',NULL,'2016-09-12 08:28:53','0000-00-00 00:00:00',NULL,NULL),(29,1,'Consider the following logical inferences. <br/>\r\nI1 : If it rains then the cricket match will not be played.\r\n The cricket match was played.<br/>\r\n Inference: There was no rain. <br/>\r\nI2 : If it rains then the cricket match will not be played.\r\n It did not rain.<br/>\r\n Inference: The cricket match was played. <br/>\r\nWhich of the following is TRUE?','[\"Both I1 and I2 are correct inferences\",\r\n \"I1 is correct but I2 is not a correct inference\",\r\n \"I1 is not correct but I2 is a correct inference\",\r\n \"Both I1 and I2 are not correct inferences\"] ','1','\r\n            \r\n        ',NULL,'2016-09-12 09:57:28','0000-00-00 00:00:00',NULL,NULL),(30,1,'Consider the set of strings on {0,1} in which, every substring of 3 symbols has at most two\r\nzeros. For example, 001110 and 011001 are in the language, but 100010 is not. All strings of length less than 3 are also in the language. A partially completed DFA that accepts this\r\nlanguage is shown below. <br/>\r\n<img src=\"http://mydailyprep.com/question-images/2012-26.png\" /><br/>\r\nThe missing arcs in the DFA are : <br/>\r\n<img src=\"http://mydailyprep.com/question-images/2012-26-1.png\" />\r\n','[\"A\",\"B\",\"C\",\"D\"]','3','            \r\n        ',NULL,'2016-09-12 10:06:13','0000-00-00 00:00:00',NULL,NULL),(31,1,'Consider an instance of TCP’s Additive Increase Multiplicative decrease (AIMD) algorithm\r\nwhere the window size at the start of the slow start phase is 2 MSS and the threshold at the\r\nstart of the first transmission is 8 MSS. Assume that a timeout occurs during the fifth\r\ntransmission. Find the congestion window size at the end of the tenth transmission.  ','[\" 8MSS\",\" 14MSS\",\" 7MSS\",\" 12MSS\"]','2','          Given, initial threshold = 8 <br/>\r\n Time = 1, during 1st transmission,Congestion window size = 2 (slow start phase)<br/>\r\n Time = 2, congestion window size = 4 (double the no. of acknowledgments)<br/>\r\n Time = 3, congestion window size = 8 (Threshold meet)<br/>\r\n Time = 4, congestion window size = 9, after threshold (increase by one Additive increase)<br/>\r\n Time = 5, transmits 10 MSS, but time out occurs congestion window size = 10      <br/>\r\nHence threshold = (Congestion window size) /2= 10/2 =  5       <br/>\r\nTime = 6, transmits 2 <br/>\r\n Time = 7, transmits 4 <br/>\r\n Time = 8, transmits 5 (threshold is 5) <br/>\r\n Time = 9, transmits 6, after threshold (increase by one Additive increase) <br/>\r\n Time = 10, transmits 7 <br/>\r\nDuring 10th transmission, it transmits 7 segments hence at the end of the tenth transmission the size of congestion window is 7 MSS. \r\n          \r\n        ',NULL,'2016-09-12 11:15:39','2016-09-12 11:17:22',NULL,NULL),(32,1,'Consider a source computer (S) transmitting a file of size 106\r\n bits to a destination computer\r\n(D) over a network of two routers (R1 and R2) and three links (L1, L2, and L3). L1 connects S\r\nto R1; L2 connects R1 to R2; and L3 connects R2 to D. Let each link be of length 100km.\r\nAssume signals travel over each line at a speed of 108\r\n meters per second. Assume that the\r\nlink bandwidth on each link is 1Mbps. Let the file be broken down into 1000 packets each of\r\nsize 1000 bits. Find the total sum of transmission and propagation delays in transmitting the\r\nfile from S to D? ','[\"1005ms\",\"1010ms\",\"3000ms \",\"3003ms\"]','0','Transmission delay for 1 packet from each of S, R1 and R2 will take 1ms <br/>\r\n Propagation delay on each link L1, L2 and L3 for one packet is 1ms <br/>\r\n Therefore the sum of transmission delay and propagation delay on each link for one packet is 2ms.<br/>\r\n The first packet reaches the destination at 6<sub>th</sub>ms <br/>\r\n The second packet reaches the destination at 7<sub>th</sub>ms <br/>\r\n So inductively we can say that 1000th packet reaches the destination at 1005<sub>th</sub> ms   <br/>          \r\n        ',NULL,'2016-09-12 11:28:20','0000-00-00 00:00:00',NULL,NULL),(33,1,'Consider the virtual page reference string <br/>\r\n1,2,3,2,4,1,3,2,4,1 <br/>\r\non a demand paged virtual memory system running on a computer system that has main\r\nmemory size of 3 page frames which are initially empty. Let LRU, FIFO and OPTIMAL\r\ndenote the number of page faults under the corresponding page replacement policy. Then:','[\" OPTIMAL < LRU < FIFO \",\"OPTIMAL < FIFO < LRU \",\"OPTIMAL = LRU\",\"OPTIMAL = FIFO \"]','1','FIFO <br/>\r\n1 1 1 4 4 4<br/>\r\n2 2 2 1 1  ? (6) faults  <br/>\r\n3 3 3 2 <br/>\r\nOptimal <br/>\r\n1 1 1 1 1 <br/>\r\n2 2 4 4  ? (5) faults <br/>\r\n3 3 2 <br/>\r\nLRU <br/>\r\n1 1 1 4 4 4 2 2 2 <br/>\r\n2 2 2 2 3 3 3 1 ? (9) faults  <br/>\r\n3 3 1 1 1 4 4 <br/>\r\n\r\nOptimal < FIFO < LRU \r\n\r\n\r\n            \r\n        ',NULL,'2016-09-12 12:21:44','0000-00-00 00:00:00',NULL,NULL),(34,1,'A file system with 300 GByte disk uses a file descriptor with 8 direct block addresses, 1\r\nindirect block address and 1 doubly indirect block address. The size of each disk block is 128\r\nBytes and the size of each disk block address is 8 Bytes. The maximum possible file size in\r\nthis file system is ','[\" 3 KBytes \",\"35 KBytes \",\" 280 KBytes \",\"dependent on the size of the disk \"]','1','Each block size = 128 Bytes <br/>\r\n Disk block address = 8 Bytes <br/>\r\n? Each disk can contain = 128  16  8  = addresses\r\n Size due to 8 direct block addresses: 8 x 128 <br/>\r\n Size due to 1 indirect block address: 16 x 128 <br/>\r\n Size due to 1 doubly indirect block address: 16 x 16 x 128 <br/>\r\n Size due to 1 doubly indirect block address: 16 x 16 x 128 <br/>\r\nSo, maximum possible file size: <br/>\r\n8 X128 +16 X128 +16 X16X 128= 1024+ 2048+ 32768= 35840 Bytes= 35KBytes',NULL,'2016-09-12 12:26:22','0000-00-00 00:00:00',NULL,NULL),(35,1,'Consider the directed graph shown in the figure below. There are multiple shortest paths\r\nbetween vertices S and T. Which one will be reported by Dijkstra’s shortest path algorithm?\r\nAssume that, in any iteration, the shortest path to a vertex v is updated only when a strictly\r\nshorter path to v is discovered. \r\n<img src=\"http://mydailyprep.com/question-images/2012-33.png\"/>','[\"  SDT\",\"SBDT \",\" SACDT \",\" SACET \"]','3','Let d[v] represent the shortest path distance computed from ‘S’ <br/>\r\nInitially d[S]=0, d[A] = ? , d B . ,d T [ ] = ? ? ? ? ? = ? <br/>\r\nAnd let P[v] represent the predecessor of v in the shortest path from ‘S’ to ‘v’ and let P[v]=-1 denote that currently predecessor of ‘v’ has not been computed <br/>\r\n? Let Q be the set of vertices for which shortest path distance has not been computed<br/>\r\n? Let W be the set of vertices for which shortest path distance has not been computed<br/>\r\n? So initially, Q = {S,A,B,C,D,E,F,G,T ,W} = ?<br/>\r\n We will use the following procedure<br/>\r\n Repeat until Q is empty<br/>\r\n {\r\n 1 u = choose a vertex from Q with minimum d[u] value<br/>\r\n 2. Q =Q -u  <br/>\r\n 3. update all the adjacent vertices of u <br/>\r\n 4. W = W U{u} } <br/>\r\n d[S] = 0, d[A] = ? , d[B] = ? ,………, d[T] = ?',NULL,'2016-09-12 12:37:38','0000-00-00 00:00:00',NULL,NULL),(36,1,'A list of n strings, each of length n, is sorted into lexicographic order using the merge-sort\r\nalgorithm. The worst case running time of this computation is ','[\" O( n log n) \",\"O( n<sup>2</sup> log n) \",\" O( n<sup>2</sup>+ log n)\",\"O( n<sup>2</sup>\"]','1','The height of the recursion tree using merge sort is log n and n <sup>2</sup>\r\n comparisons are done at each level, where at most n pairs of strings are compared at each level and n comparisons are\r\nrequired to compare any two strings, So the worst case running time is O( n<sup>2</sup> log n)',NULL,'2016-09-12 12:41:10','0000-00-00 00:00:00',NULL,NULL),(37,1,'Let G be a complete undirected graph on 6 vertices. If vertices of G are labeled, then the\r\nnumber of distinct cycles of length 4 in G is equal to ','[\" 15 \",\"30\",\" 90\",\"none\"]','3','4 vertices from 6 vertices can be chosen in <sup>6</sup>c<sub>4</sub>. Number of cycles of length 4 that can be formed from those selected vertices is (4-1)!/2 (left or right/ up or down does not matter), so total number of 4 length cycles are (<sup>6</sup>c<sub>4</sub>.3!)/2 = 45. ',NULL,'2016-09-12 12:43:40','0000-00-00 00:00:00',NULL,NULL),(38,1,'How many onto (or surjective) functions are there from an n-element (n ? 2 ) set to a 2-\r\nelement set? ','[\" 2<sup>n</sup> \",\"2<sup>n</sup> -1\",\" 2<sup>n</sup> -2\",\"2(2<sup>n</sup> -2)\"]','2','Total number of functions is 2<sup>n</sup> , out of which there will be exactly two functions where all elements map to exactly one element, so total number of onto functions is 2<sup>n</sup>-2 .',NULL,'2016-09-12 12:45:48','0000-00-00 00:00:00',NULL,NULL),(39,1,'Consider the program given below, in a block-structured pseudo-language with lexical\r\nscoping and nesting of procedures permitted. <br/>\r\nProgram main; <br/>\r\n Var . . . <br/>\r\n Procedure A1; <br/>\r\n Var ….  <br/>\r\nCall A2; <br/>\r\n End A1 <br/>\r\n Procedure A2;<br/>\r\n Var . . .<br/>\r\n Procedure A21;<br/>\r\n Var . . .<br/>\r\n Call A1;<br/>\r\n End A21<br/>\r\n Call A21;<br/>\r\n End A2<br/>\r\n Call A1;<br/>\r\n End main.<br/>\r\n Consider the calling chain: Main ? A1 ? A2 ? A21 ? A1<br/>\r\n The correct set of activation records along with their access links is given by <br/>\r\n<img src=\"http://mydailyprep.com/question-images/2012-37.png\" />','[\" A \",\"B\",\" C\",\"D\"]','3','Access link is defined as link to activation record of closest lexically enclosing block in\r\nprogram text, so the closest enclosing blocks respectively for A1 ,A2 and A21 are main ,\r\nmain and A2 ',NULL,'2016-09-12 12:54:49','0000-00-00 00:00:00',NULL,NULL),(40,1,'Suppose a circular queue of capacity (n – 1) elements is implemented with an array of n\r\nelements. Assume that the insertion and deletion operations are carried out using REAR and\r\nFRONT as array index variables, respectively. Initially, REAR = FRONT = 0. The conditions\r\nto detect queue full and queue empty are :','[\" full: (REAR+1) mod n==FRONT <br/>empty: REAR ==FRONT  \",\" full:(REAR+1)mod n==FRONT  <br/>empty: (FRONT+1)mod n==REAR \",\" full: REAR==FRONT <br/>empty: (REAR+1) mod n ==FRONT\",\" full:(FRONT+1)mod n==REAR <br/>empty: REAR ==FRONT \"]  ','0','The counter example for the condition full : REAR = FRONT is\r\n Initially when the Queue is empty REAR=FRONT=0 by which the above full condition is\r\nsatisfied which is false <br/>\r\n The counter example for the condition full : (FRONT+1)mod n =REAR is\r\n Initially when the Queue is empty REAR=FRONT=0 and let n=3, so after inserting one\r\nelement REAR=1 and FRONT=0, at this point the condition full above is satisfied, but still\r\nthere is place for one more element in Queue, so this condition is also false<br/>\r\n The counter example for the condition empty : (REAR+1)mod n = FRONT is\r\n Initially when the Queue is empty REAR=FRONT=0 and let n=2, so after inserting one\r\nelement REAR=1 and FRONT=0, at this point the condition empty above is satisfied, but the queue of capacity n-1 is full here<br/>\r\n The counter example for the condition empty : (FRONT+1)mod n =REAR is\r\n Initially when the Queue is empty REAR=FRONT=0 and let n=2, so after inserting one\r\nelement REAR=1 and FRONT=0, at this point the condition empty above is satisfied, but the queue of capacity n-1 is full here ',NULL,'2016-09-12 12:57:53','0000-00-00 00:00:00',NULL,NULL),(41,1,'An Internet Service Provider (ISP) has the following chunk of CIDR-based IP addresses\r\navailable with it: 245.248.128.0/20. The ISP wants to give half of this chunk of addresses to\r\nOrganization A, and a quarter to Organization B, while retaining the remaining with itself.\r\nWhich of the following is a valid allocation of address to A and B? ','[\"245.248.136.0/21 and 245.248.128.0/22 \",\"245.248.128.0/21 and 245.248.128.0/22 \",\"245.248.132.0/22 and 245.248.132.0/21\",\" 245.248.136.0/24 and 245.248.132.0/21\"]','0','Since half of 4096 host addresses must be given to organization A, we can set 12th bit to 1\r\nand include that bit into network part of organization A, so the valid allocation of addresses to\r\nA is 245.248.136.0/21 <br/>\r\n Now for organization B, 12th bit is set to ‘0’ but since we need only half of 2048 addresses,\r\n13th bit can be set to ‘0’ and include that bit into network part of organization B so the valid\r\nallocation of addresses to B is 245.248.128.0/22             \r\n        ',NULL,'2016-09-12 12:59:34','0000-00-00 00:00:00',NULL,NULL),(42,1,'Suppose a fair six-sided die is rolled once. If the value on the die is 1, 2, or 3, the die is rolled\r\na second time. What is the probability that the sum total of values that turn up is at least 6? ','[\" 10/21\",\"  5/12 \",\"2/3\",\" 1/6\"]  ','1','',NULL,'2016-09-12 13:00:59','0000-00-00 00:00:00',NULL,NULL),(43,1,'Fetch_And_Add (X, i) is an atomic Read-Modify-Write instruction that reads the value of\r\nmemory location X, increments it by the value i, and returns the old value of X. It is used in\r\nthe pseudocode shown below to implement a busy-wait lock. L is an unsigned integer shared variable initialized to 0. The value of 0 corresponds to lock being available, while any nonzero value corresponds to the lock being not available.\r\n AcquireLock(L){ <br/>\r\n While (Fetch_And_Add(L,1)) <br/>\r\n L = 1; <br/>\r\n } <br/>\r\n Release Lock(L){ <br/>\r\n L = 0; <br/>\r\n } <br/>\r\n This implementation','[\" fails as L can overflow\",\" fails as L can take on a non-zero value when the lock is actually available \",\"works correctly but may starve some processes \",\"works correctly without starvation \"]','1','1. Acquire lock (L) { <br/>\r\n 2. While (Fetch_And_Add(L, 1)) <br/>\r\n 3. L = 1. <br/>\r\n } <br/>\r\n 4. Release Lock (L) { <br/>\r\n 5. L = 0; <br/>\r\n 6. } <br/>\r\n Let P and Q be two concurrent processes in the system currently executing as follows\r\n P executes 1,2,3 then Q executes 1 and 2 then P executes 4,5,6 then L=0 now Q executes 3 by which L will be set to 1 and thereafter no process can set L to zero, by which all the processes could starve.             \r\n        ',NULL,'2016-09-12 13:03:54','0000-00-00 00:00:00',NULL,NULL),(44,1,'Consider the 3 process, P1, P2 and P3 shown in the table. \r\n<img src=\"http://mydailyprep.com/question-images/2012-42.png\"/>\r\nThe completion order of the 3 processes under the policies FCFS and RR2 (round robin\r\nscheduling with CPU quantum of 2 time units) are ','[\" FCFS: P1, P2, P3 RR2: P1, P2, P3 \",\"   FCFS: P1, P3, P2 RR2: P1, P3, P2  \",\"FCFS: P1, P2, P3 RR2: P1, P3, P2 \",\" FCFS: P1, P3, P2 RR2: P1, P2, P3 \"]  ','2','For FCFS Execution order will be order of Arrival time so it is P1,P2,P3 <br/>\r\n Next For RR with time quantum=2,the arrangement of Ready Queue will be as follows:\r\n RQ: P1,P2,P1,P3,P2,P1,P3,P2 <br/>\r\n This RQ itself shows the order of execution on CPU(Using Gantt Chart) and here it gives the completion order as P1,P3,P2 in Round Robin algorithm. ',NULL,'2016-09-12 13:06:39','0000-00-00 00:00:00',NULL,NULL),(45,1,'What is the minimal form of the Karnaugh map shown below? Assume that X denotes a don’t\r\ncare term. ','[\"b\'d\' \",\"  b\'d\' + b\'c\' \",\"b\'d\' + ab\'c\'d  \",\" b\'d\' + b\'c\' + c\'d\' \"]  ','1','',NULL,'2016-09-12 13:13:15','0000-00-00 00:00:00',NULL,NULL),(46,1,'Let G be a weighted graph with edge weights greater than one and G’ be the graph\r\nconstructed by squaring the weights of edges in G. Let T and T’ be the minimum spanning\r\ntrees of G and G’ respectively, with total weights t and t’. Which of the following statements\r\nis TRUE? ','[\"T’ = T with total weight t’ = t<sup>2</sup> \",\"T’ = T with total weight t’ < t<sup>2</sup>\",\"T’ ? T but total weight t’ = t<sup>2</sup>\r\n \",\"None of these \"]  ','3','Graph G is counter example for options (B) and (C) and Graph G1 is counter example for\r\noption (A)',NULL,'2016-09-12 13:16:18','0000-00-00 00:00:00',NULL,NULL),(47,1,'The bisection method is applied to compute a zero of the function f(x) = x<sup>4</sup> -x<sup>3</sup>- x<sup>2</sup>– 4 in the interval [1,9]. The method converges to a solution after ______ iterations. ','[\"1\",\"3\",\"5\",\"7\"]  ','1','f(x)= x<sup>4</sup> -x<sup>3</sup>- x<sup>2</sup>– 4\r\nfind , f(0) , f(1), f(3)',NULL,'2016-09-12 13:20:21','0000-00-00 00:00:00',NULL,NULL),(48,1,'Which of the following graph is isomorphic to \r\n<img src=\"http://mydailyprep.com/question-images/2012-46.png\"/>','[\"A\",\"B\",\"C\",\"D\"]  ','1','The graph in option (A) has a 3 length cycle whereas the original graph does not have a 3\r\nlength cycle <br/>\r\n The graph in option (C) has vertex with degree 3 whereas the original graph does not have a\r\nvertex with degree 3  <br/>\r\nThe graph in option (D) has a 4 length cycle whereas the original graph does not have a 4\r\nlength cycle  <br/>',NULL,'2016-09-12 13:22:31','0000-00-00 00:00:00',NULL,NULL),(49,1,'Consider the following transactions with data items P and Q initialized to zero: <br/>\r\nT1 : read (P) ; <br/>\r\n read (Q) ; <br/>\r\n if P = 0 then Q : = Q + 1 ; <br/>\r\n write (Q). <br/>\r\nT2 : read (Q) ; <br/>\r\n read (P) <br/>\r\n if Q = 0 then P : = P + 1 ; <br/>\r\n write (P). <br/>\r\n Any non-serial interleaving of T1 and T2 for concurrent execution leads to ','[\"a serializable schedule \",\"a schedule that is not conflict serializable\",\"a conflict serializable schedule \",\"a schedule for which precedence graph cannot be drawn\"]  ','1','Let S be a non-serial schedule, without loss of generality assume that T1 has started earlier\r\nthan T2. The first instruction of T1 is read(P) and the last instruction of T2 is write(P), so the precedence graph for S has an edge from T1 to T2, now since S is a non-serial schedule the first instruction of T2(read(Q)) should be executed before last instruction of T1(write(Q)) and since read and write are conflicting operations, the precedence graph for S also contains an edge from T2 to T1,  <br/>So we will have a cycle in the precedence graph which implies that any non serial schedule with T1 as the earliest transaction will not be conflict serializable. <br/>\r\n In a similar way we can show that if T2 is the earliest transaction then also the schedule is not conflict serializable. ',NULL,'2016-09-12 13:24:41','0000-00-00 00:00:00',NULL,NULL),(50,1,'<h4>Common Data Questions: 48 & 49</h4>\r\n\r\nConsider the following relations A, B and C:  <br/>\r\n<img src\"http://mydailyprep.com/question-images/2012-48.png\" /><br/>\r\nHow many tuples does the result of the following SQL query contain? <br/>\r\nSELECT A.Id\r\n FROM A\r\n WHERE A.Age > ALL(SELECT B.Age\r\n FROM B\r\n WHERE B.Name = ‘Arun’)  <br/>','[\"4\",\"3\",\"0\",\"1\"]  ','1','As the result of subquery is an empty table, ‘>ALL’ comparison is true . Therefore, all the\r\nthree row id’s of A will be selected from table A. ',NULL,'2016-09-12 13:30:32','0000-00-00 00:00:00',NULL,NULL),(51,1,'<h4>Common Data Questions: 50 & 51 </h4>\r\nConsider the following C code segment: <br/>\r\nint a, b, c = 0; <br/>\r\nvoid prtFun(void);  <br/>\r\nmain( ) <br/>\r\n{ static int a = 1; /* Line 1 */ <br/>\r\n prtFun( ); <br/>\r\n a + = 1; <br/>\r\n prtFun( ) <br/>\r\n printf(“\\n %d %d “, a, b); <br/>\r\n} <br/>\r\nvoid prtFun(void) <br/>\r\n{ static int a=2; /* Line 2 */ <br/>\r\n int b=1; <br/>\r\n a+=++b; <br/>\r\n printf(“\\n %d %d “, a, b); <br/>\r\n}  <br/>\r\n\r\nWhat output will be generated by the given code segment if:\r\n Line 1 is replaced by auto int a = 1;\r\n Line 2 is replaced by register int a = 2; \r\n','[\"3  &nbsp; &nbsp;1 <br/>\r\n4 &nbsp; &nbsp;1 <br/>\r\n4 &nbsp; &nbsp;2\r\n \",\"4  &nbsp; &nbsp;2 <br/>\r\n6 &nbsp; &nbsp;1 <br/>\r\n6 &nbsp; &nbsp;1\",\r\n\"4  &nbsp; &nbsp;2 <br/>\r\n6&nbsp; &nbsp;2 <br/>\r\n2 &nbsp; &nbsp;0\",\"\r\n4 &nbsp; &nbsp;2 <br/>\r\n4 &nbsp; &nbsp;2 <br/>\r\n2 &nbsp; &nbsp;0\"]  ','3','Static local variables: Scope is limited to function/block but life time is entire program.<br/>\r\n Automatic local variables:\r\n Storage allocated on function entry and automatically deleted or freed when the function is\r\nexited.<br/>\r\n Register variables: Same as automatic variables except that the register variables will not\r\nhave addresses Hence may not take the address of a register variable. ',NULL,'2016-09-12 13:39:25','0000-00-00 00:00:00',NULL,NULL),(52,1,'What output will be generated by the given code segment? ','[\"3  &nbsp; &nbsp;1 <br/>\r\n4 &nbsp; &nbsp;1 <br/>\r\n4 &nbsp; &nbsp;2\r\n \",\"4  &nbsp; &nbsp;2 <br/>\r\n6 &nbsp; &nbsp;1 <br/>\r\n6 &nbsp; &nbsp;1\",\r\n\"4  &nbsp; &nbsp;2 <br/>\r\n6&nbsp; &nbsp;2 <br/>\r\n2 &nbsp; &nbsp;0\",\"\r\n3 &nbsp; &nbsp;1 <br/>\r\n5 &nbsp; &nbsp;2 <br/>\r\n5 &nbsp; &nbsp;2\"]  ','2','',NULL,'2016-09-12 13:43:01','0000-00-00 00:00:00',NULL,NULL),(53,1,'<h4>Statement for Linked Answer Questions: 52 & 53 </h4>\r\nA computer has a 256 KByte, 4-way set associative, write back data cache with block size of\r\n32 Bytes. The processor sends 32 bit addresses to the cache controller. Each cache tag\r\ndirectory entry contains, in addition to address tag, 2 valid bits, 1 modified bit and 1\r\nreplacement bit. <br/>\r\n\r\nThe number of bits in the tag field of an address is:','[\"11\",\"14\",\"16\",\"27\"]  ','2','',NULL,'2016-09-12 13:45:20','0000-00-00 00:00:00',NULL,NULL),(54,1,'The size of the cache tag directory is ','[\"160 Kbits \",\"136 Kbits \",\"40 Kbits\",\"32 Kbits\"]','0','TAG controller maintains 16 + 4 = 20 bits for every block\r\n Hence, size of cache tag directory = 20 X 2<sup>13 </sup> bits =160 K bits            \r\n        ',NULL,'2016-09-12 13:47:03','0000-00-00 00:00:00',NULL,NULL),(55,1,'<h4>Statement for Linked Answer Questions: 54 & 55  </h4>\r\nFor the grammar below, a partial LL(1) parsing table is also presented along with the\r\ngrammar. Entries that need to be filled are indicated as E1, E2, and E3. ? is the empty\r\nstring, $ indicates end of input, and | separates alternate right hand sides of productions.\r\nS  ? aAbB |bAaB| ? <br/>\r\nA  ? S <br/>\r\nB ? S <br/>\r\n<img src=\"http://mydailyprep.com/question-images/2012-54.png\" /><br/>\r\n\r\nThe First and Follow sets for the non-terminals A and B are :\r\n\r\n(A) FIRST(A) = {a, b, ? } = FIRST (B)\r\n FOLLOW(A) = {a, b}\r\n FOLLOW(B) = {a, b, $} <br/>\r\n (B) FIRST(A) = {a, b, $}\r\n FIRST(B) = {a, b, ? }\r\n FOLLOW(A) = {a, b}\r\n FOLLOW(B) ={$} <br/>\r\n (C) FIRST(A) = {a, b, ? } = FIRST(B)\r\n FIRST(A) = {a, b}\r\n FOLLOW(B) = ? <br/>\r\n (D) FIRST(A) = {a, b,} = FIRST(B)\r\n FIRST(A) = {a, b}\r\n FOLLOW(B) ={a, b} ','[\"A\",\"B\",\"C\",\"D\"]  ','0','',NULL,'2016-09-12 13:54:00','0000-00-00 00:00:00',NULL,NULL),(56,1,'<h4>Statement for Linked Answer Questions: 54 & 55  </h4>\r\nFor the grammar below, a partial LL(1) parsing table is also presented along with the\r\ngrammar. Entries that need to be filled are indicated as E1, E2, and E3. ? is the empty\r\nstring, $ indicates end of input, and | separates alternate right hand sides of productions.\r\nS  ? aAbB |bAaB| ? <br/>\r\nA  ? S <br/>\r\nB ? S <br/>\r\n<img src=\"http://mydailyprep.com/question-images/2012-54.png\" /><br/>\r\n\r\nThe First and Follow sets for the non-terminals A and B are :\r\n\r\n(A) FIRST(A) = {a, b, ? } = FIRST (B)\r\n FOLLOW(A) = {a, b}\r\n FOLLOW(B) = {a, b, $} <br/>\r\n (B) FIRST(A) = {a, b, $}\r\n FIRST(B) = {a, b, ? }\r\n FOLLOW(A) = {a, b}\r\n FOLLOW(B) ={$} <br/>\r\n (C) FIRST(A) = {a, b, ? } = FIRST(B)\r\n FIRST(A) = {a, b}\r\n FOLLOW(B) = ? <br/>\r\n (D) FIRST(A) = {a, b,} = FIRST(B)\r\n FIRST(A) = {a, b}\r\n FOLLOW(B) ={a, b} ','[\"A\",\"B\",\"C\",\"D\"]  ','0','',NULL,'2016-09-12 13:56:00','0000-00-00 00:00:00',NULL,NULL),(57,1,'The cost function for a product in a firm is given by 5q<sup>2</sup> , where q is the amount of production. The firm can sell the product at a market price of Rs.50 per unit. The number of units to be produced by the firm such that the profit is maximized is','[\"5\",\"10\",\"15\",\"25\"]','0','             \r\n        ',NULL,'2016-09-12 13:57:37','0000-00-00 00:00:00',NULL,NULL),(58,1,'Choose the most appropriate alternative from the options given below to complete the\r\nfollowing sentence: <br/>\r\nSuresh’s dog is the one ________ was hurt in the stampede. ','[\"that\",\"which\",\"who\",\"whom\"]','0','            \r\n        ',NULL,'2016-09-12 13:58:30','0000-00-00 00:00:00',NULL,NULL),(59,1,'Choose the grammatically INCORRECT sentence: <br/>\r\n(A) They gave us the money back less the service charges of Three Hundred rupees. <br/>\r\n (B) This country\'s expenditure is not less than that of Bangladesh. <br/>\r\n (C) The committee initially asked for a funding of Fifty Lakh rupees, but later settled for a\r\nlesser sum. <br/>\r\n (D) This country\'s expenditure on educational reforms is very less ','[\"A\",\"B\",\"C\",\"D\"]  ','3','',NULL,'2016-09-12 13:59:27','0000-00-00 00:00:00',NULL,NULL),(60,1,'Which one of the following options is the closest in meaning to the word given below?<br/>\r\n<b>Mitigate </b>','[\"Diminish\",\"Divulge\",\"Dedicate \",\"Denote\"]  ','0','',NULL,'2016-09-12 14:00:35','0000-00-00 00:00:00',NULL,NULL),(61,1,'Choose the most appropriate alternative from the options given below to complete the\r\nfollowing sentence:  <br/>\r\n<b> Despite several __________ the mission succeeded in its attempt to resolve the conflict.</b>\r\n','[\"attempts \",\"setbacks \",\"meetings \",\"delegations \"]  ','1','',NULL,'2016-09-12 14:02:48','0000-00-00 00:00:00',NULL,NULL),(62,1,'Wanted Temporary, Part-time persons for the post of Field Interviewer to conduct personal\r\ninterviews to collect and collate economic data. Requirements: High School-pass, must be\r\navailable for Day, Evening and Saturday work. Transportation paid, expenses reimbursed.\r\nWhich one of the following is the best inference from the above advertisement? <br/>\r\n(A) Gender-discriminatory <br/> (B) Xenophobic<br/>\r\n (C) Not designed to make the post attractive<br/> (D) Not gender-discriminatory ','[\"A \",B\",\"C \",\"D\"]  ','2','',NULL,'2016-09-12 14:03:47','0000-00-00 00:00:00',NULL,NULL),(63,1,'Given the sequence of terms, AD CG FK JP, the next term is','[\"OV \",OW \",\"PV \",\"PW\"]  ','0','',NULL,'2016-09-12 14:04:38','0000-00-00 00:00:00',NULL,NULL),(64,1,'An automobile plant contracted to buy shock absorbers from two suppliers X and Y. X supplies\r\n60% and Y supplies 40% of the shock absorbers. All shock absorbers are subjected to a quality test.\r\nThe ones that pass the quality test are considered reliable Of X\'s shock absorbers, 96% are reliable.\r\nOf Y\'s shock absorbers, 72% are reliable. <br/>\r\n The probability that a randomly chosen shock absorber, which is found to be reliable, is made by Y is  ','[\"0.288  \",\"0.334 \",\" 0.667 \",\"0.720 \"]  ','1','            \r\n        ',NULL,'2016-09-12 14:07:26','2016-09-12 14:10:42',NULL,NULL),(65,1,'A political party orders an arch for the entrance to the ground in which the annual convention is being held. The profile of the arch follows the equation y=2x - 0.1x<sup>2</sup> where y is the height of\r\nthe arch in meters. \r\n<br/>\r\nThe maximum possible height of the arch is ','[\"8 meters \",\"10 meters  \",\" 12 meters  \",\"14 meters \"]  ','1','',NULL,'2016-09-12 14:09:59','0000-00-00 00:00:00',NULL,NULL),(66,2,'Consider an undirected random graph of eight vertices. The probability that there is an edge\r\nbetween a pair of vertices is ½. What is the expected number of unordered cycles of length\r\nthree? ','[\"1/8 \" , \"1\" , \"7\" , \"8\"]','2',' P(edge) = 1/2 <br>\r\nNumber of ways we can choose the vertices out of 8 is 8<sub>c</sub><sub>3</sub>\r\n(Three edges in each cycle) <br>\r\nExpected number of unordered cycles of length 3 = 8<sub>c</sub><sub>3</sub> * (1/2)<sup>3<sup> = 7\r\n ',NULL,'2016-09-12 05:57:52','0000-00-00 00:00:00',NULL,NULL),(67,2,'Which of the following statements is/are <stong>TRUE</strong>  for undirected graphs? <br>\r\nP: Number of odd degree vertices is even. <br>\r\nQ: Sum of degrees of all vertices is even. \r\n','[\" P only \", \" Q only \", \"Both P and Q \", \"Neither P nor Q \"]','2','            \r\n        Sum of degrees of all vertices = 2 * (number of edges )',NULL,'2016-09-12 06:01:53','0000-00-00 00:00:00',NULL,NULL),(68,2,'In a k-way set associative cache, the cache is divided into v sets, each of which consists of k\r\nlines. The lines of a set are placed in sequence one after another. The lines in set s are\r\nsequenced before the lines in set (s+1). The main memory blocks are numbered 0 onwards.\r\nThe main memory block numbered j must be mapped to any one of the cache lines from ','[\" ( j mod v )*k to ( j mod v)*k + (k-1)\", \"(j mod v ) to (j mod v )+(k-1)\", \"(j mod k ) to (j mod k) +(v-1)\", \" ( j mod k )*v to ( j mod k)*v + (v-1)\"]','0','Position of main memory block in the cache (set) = (main memory block number) MOD\r\n(number of sets in the cache). <br>\r\nAs the lines in the set are placed in sequence, we can have the lines from 0 to (K – 1) in each\r\nset. <br>\r\nNumber of sets = v, main memory block number = j <br>\r\nFirst line of cache = (j mod v)*k;  last line of cache = (j mod v)*k + (k – 1) ',NULL,'2016-09-12 06:13:44','0000-00-00 00:00:00',NULL,NULL),(69,2,NULL,NULL,NULL,NULL,NULL,'2016-09-12 06:14:16','0000-00-00 00:00:00',NULL,NULL),(70,2,'Which of the following statements are <strong>TRUE</strong>?\r\n(1) The problem of determining whether there exists a cycle in an undirected graph is in P. <br>\r\n(2) The problem of determining whether there exists a cycle in an undirected graph is in NP. <br>\r\n(3) If a problem A is NP-Complete, there exists a non-deterministic polynomial time\r\nalgorithm to solve A. ','[\"1,2 and 3\", \" 1 and 2 only \", \"2 and 3 only \", \" 1 and 3 only \"]','0',' 1. Cycle detection using DFS: O ( V +E ) = O (V<sup>2</sup>)<br>\r\n2. Every P-problem is NP ( P since P  ? NP)<br>\r\n3. NP - complete ? NP<br>\r\nHence, NP-complete can be solved in non-deterministic polynomial time <br>',NULL,'2016-09-12 06:19:10','0000-00-00 00:00:00',NULL,NULL),(71,2,'Which of the following statements is/are <strong>FALSE</strong>? <br>\r\n(1) For every non-deterministic Turing machine, there exists an equivalent deterministic\r\nTuring machine. <br>\r\n(2) Turing recognizable languages are closed under union and complementation.<br>\r\n (3) Turing decidable languages are closed under intersection and complementation<br>\r\n (4) Turing recognizable languages are closed under union and intersection. <br>\r\n','[\"1 and 4 only\" , \"1 and 3 only\" , \"2 only\" , \"3 only\"]','2',' (1) NTM ? DTM>br>\r\n(2) RELs are closed under union & but not complementation,br>\r\n (3) Turing decidable languages are recursive and recursive languages are closed under\r\n intersection and complementation <br>\r\n (4) RELs are closed under union & intersection but not under complementation <br> ',NULL,'2016-09-12 06:21:56','0000-00-00 00:00:00',NULL,NULL),(72,2,'Three concurrent processes X, Y, and Z execute three different code segments that access and\r\nupdate certain shared variables. Process X executes the P operation (i.e., wait) on semaphores\r\na, b and c; process Y executes the P operation on semaphores b, c and d; process Z executes\r\nthe P operation on semaphores c, d, and a before entering the respective code segments. After\r\ncompleting the execution of its code segment, each process invokes the V operation (i.e.,\r\nsignal) on its three semaphores. All semaphores are binary semaphores initialized to one.\r\nWhich one of the following represents a deadlock-free order of invoking the P operations by\r\nthe processes? ','[\"X : P(a)P(b)P(c) Y : P(b)P(c)P(d) Z : P(c)P(d)P(a)\", \"X : P(b)P(a)P(c) Y : P(b)P(c)P(d) Z : P(a)P(c)P(d)\" , \"X : P(b)P(a)P(c) Y : P(c)P(b)P(d) Z : P(a)P(c)P(d)\", \"X : P(a)P(b)P(c) Y : P(c)P(b)P(d) Z : P(c)P(d)P(a)\"]','1','Suppose X performs P(b) and preempts, Y gets chance, but cannot do its first wait i.e., P(b),\r\nso waits for X, now Z gets the chance and performs P(a) and preempts, next X gets chance.\r\nX cannot continue as wait on ‘a’ is done by Z already, so X waits for Z. At this time Z can\r\ncontinue its operations as down on c and d. Once Z finishes, X can do its operations and so Y.\r\nIn any of execution order of X, Y, Z one process can continue and finish, such that waiting is\r\nnot circular. In options (A),(C) and (D) we can easily find circular wait, thus deadlock ',NULL,'2016-09-12 06:28:13','0000-00-00 00:00:00',NULL,NULL),(73,2,'An index is clustered, if','[\"it is on a set of fields that form a candidate key\", \" it is on a set of fields that include the primary key\", \" the data records of the file are organized in the same order as the data entries of the index\", \"the data records of the file are organized not in the same order as the data entries of the\r\nindex\"]','2',' Clustered index is built on ordering non key field and hence if the index is clustered then the\r\ndata records of the file are organized in the same order as the data entries of the index. ',NULL,'2016-09-12 06:30:27','0000-00-00 00:00:00',NULL,NULL),(74,2,'The transport layer protocols used for real time multimedia, file transfer, DNS and\r\n email, respectively are ','[\" TCP, UDP, UDP and TCP\" , \" UDP, TCP, TCP and UDP\" , \"UDP, TCP, UDP and TCP \" , \"TCP, UDP, TCP and UDP \"]','2',' Real time multimedia needs connectionless service, so under lying transport layer protocol\r\nused is UDP <br>\r\n File transfer rums over TCP protocol with port no-21<br>\r\n DNS runs over UDP protocol within port no-53<br>\r\n Email needs SMTP protocol which runs over TCP protocol within port no – 25<br>',NULL,'2016-09-12 06:32:00','0000-00-00 00:00:00',NULL,NULL),(75,2,'A scheduling algorithm assigns priority proportional to the waiting time of a process. Every\r\nprocess starts with priority zero(the lowest priority). The scheduler re-evaluates the process\r\npriorities every T time units and decides the next process to schedule. Which one of the\r\nfollowing is TRUE if the processes have no I/O operations and all arrive at time zero? ','[\" This algorithm is equivalent to the first-come-first-serve algorithm \", \"This algorithm is equivalent to the round-robin algorithm\" , \" This algorithm is equivalent to the shortest-job-first algorithm \" , \"This algorithm is equivalent to the shortest-remaining-time-first algorithm \"]','1','The given scheduling definition takes two parameters, one is dynamically assigned process\r\npriority and the other is ‘T’ time unit to re-evaluate the process priorities. <br>\r\n This dynamically assigned priority will be deciding processes order in ready queue of round\r\nrobin algorithm whose time quantum is same as ‘T’ time units. As all the processes are\r\narriving at the same time, they will be given same priority but soon after first ‘T’ time burst\r\nremaining processes will get higher priorities \r\n        ',NULL,'2016-09-12 06:33:23','0000-00-00 00:00:00',NULL,NULL),(76,2,'Consider the languages L<sub>1</sub>= ?and L<sub>2</sub>={ a}. Which one of the following represents L<sub>1</sub>L<sup>*</sup><sub>2</sub>UL<sup>*</sup><sub>1</sub>','[\"{?}, \"?\" , \"a<sup>*</sup\", \"{?, a}\" ]','0','            \r\n        Concatenation of empty language with any language will give the empty language and L<sub>1</sub>*?*=?. HenceL<sub>1</sub>L<sup>*</sup><sub>2</sub>UL<sup>*</sup><sub>1</sub> = {?}',NULL,'2016-09-12 06:39:15','0000-00-00 00:00:00',NULL,NULL),(77,2,'Which one of the following is the tightest upper bound that represents the time complexity of\r\ninserting an object into a binary search tree of n nodes? ','[\"O(1) \", \" O(log n)\", \" O(n) \" , \"O(n log n) \"]','2','            \r\n        For skewed binary search tree on n nodes, the tightest upper bound to insert a node is O(n) ',NULL,'2016-09-12 06:55:24','0000-00-00 00:00:00',NULL,NULL),(78,2,'Which one of the following is the tightest upper bound that represents the number of swaps\r\nrequired to sort n numbers using selection sort? ','[\" O(log n)\", \"O(n)\" , \"O(n log n)\", \" O(n<sup>2</sup>) \"]','1','            \r\n        The maximum number of swaps that takes place in selection sort on n numbers is n ',NULL,'2016-09-12 06:56:49','0000-00-00 00:00:00',NULL,NULL),(79,2,'In the following truth table, V = 1 if and only if the input is valid. \r\n<img src=\"../images/truth-table.png\">\r\nWhat function does the truth table represent? ','[\"Priority encoder\", \"Decoder\" , \"Multiplexer\" , \"Demultiplexer\"]','0','            \r\n        4 to 2 priority encoder. ',NULL,'2016-09-12 07:03:22','0000-00-00 00:00:00',NULL,NULL),(80,2,'The smallest integer than can be represented by an 8-bit number in 2<sub>2</sub>s complement form is','[\"-256\", \"-128\", \"-127\", \"0\" ]','1','            \r\n        -2<sub>8-1</sub> = ?128. Range is -2<sub>(n-1)</sub> to +2<sub>(n-1)</sub> -1',NULL,'2016-09-12 07:06:24','0000-00-00 00:00:00',NULL,NULL),(81,2,'Suppose p is number of cars per minute passing through a certain road junction between 5\r\nPM and 6PM, and p has a Poisson distribution with mean 3. What is the probability of\r\nobserving fewer than 3 cars during any given minute in this interval? ','[\"8 / 2e<sub>3</sub>\" , \"9 / 2e<sub>3</sub>\" , \"17 / 2e<sub>3</sub>\" , \"26 / 2e<sub>3</sub>\" ]','2',' P ( p <3 ) = P ( p=0 ) + P ( p=1 ) +P ( p=2 ) <br>\r\n= e<sup>-&lambda;</sup>&lambda;<sup>0</sup>/ 0!  +  e<sup>-&lambda;</sup>&lambda;<sup>1</sup>/ 1! +  e<sup>-&lambda;</sup>&lambda;<sup>2</sup>/ 2! ( where &lambda = 3 )   <br>\r\n= e<sup>-3</sup> + e<sup>-3</sup> + (e<sup>-3</sup> * 9)/2 <br>\r\n e<sup>-3</sup>(1+ 3 + (9/2))= 17/2e<sup>3</sup>',NULL,'2016-09-12 07:17:28','0000-00-00 00:00:00',NULL,NULL),(82,2,'A binary operation ? on a set of integers is defined as x ? y = x<sup>2</sup> + y<sup>2</sup>. Which one of the\r\nfollowing statements is TRUE about ? ?','[\" Commutative but not associative\", \"Both commutative and associative \", \"Associative but not commutative\", \"Neither commutative nor associative \"]','0','            \r\n        x ? y = x<sup>2</sup> + y<sup>2</sup> =   y<sup>2</sup> + x<sup>2</sup> = x ? y <br>\r\n?  commutative <br>\r\nNot associative, since, for example <br>\r\n (1 ? 2 ) ? 3 ? 1 ? (2 ? 3)',NULL,'2016-09-12 07:27:03','0000-00-00 00:00:00',NULL,NULL),(83,2,'A RAM chip has a capacity of 1024 words of 8 bits each  (1K * 8). The number of 2 * 4 decoders with enable line needed to construct a 16K * 16 RAM from 1K * 8 RAM is','[\"4\", \"5\" ,\"6\", \"7\"]','1','            \r\n        RAM chip size = 1k * 8 [1024 words of 8 bits each] <br>\r\nRAM to construct  = 16K * 16 <br>\r\nNumber of chips required = 16K * 16/1k * 8 = 16*2 [16 chips vertically with each having 2 chips\r\nhorizontally] <br>\r\nSo to select one chip out of 16 vertical chips, we need 4 * 16 decoder <br>\r\nAvailable decoder is – 2 *4 decoder <br>\r\nTo be constructed is 4 x 16 decoder <br>\r\n<img src=\"../images/decoder.png\">\r\nSo we need 5, 2 x 4 decoder in total to construct 4 x 16 decoder. ',NULL,'2016-09-12 07:34:08','0000-00-00 00:00:00',NULL,NULL),(84,2,'Consider the following operation along with Enqueue and Dequeue operations on queues,\r\nwhere k is a global parameter <br>\r\nMultiDequeue (Q) {<br>\r\n m = k <br>\r\nwhile (Q is not empty) and m > 0 {<br>\r\nDequeue (Q)<br>\r\nm =  m -  1 <br>\r\n}<br>\r\n}<br>\r\nWhat is the worst case time complexity of a sequence of n queue operations on an initially\r\nempty queue? \r\n','[\"?(n)\", \"?(n+k)\", \"?(nk)\", \"?(n<sup>2</sup>)\"]','0','            \r\n        Initially the queue is empty and we have to perform n operations.<br>\r\n i) One option is to perform all Enqueue operations i.e. n Enqueue operations. Complexity\r\nwill be ?(n)<br>\r\n or<br>\r\n ii) We can perform a mix of Enqueue and Dequeue operations. It can be Enqueue for first\r\nn/2 times and then Dequeue for next n/2, or Enqueue and Dequeue alternately, or any\r\npermutation of Enqueues and Dequeues totaling ‘n’ times. Complexity will be ?(n)<br>\r\n or<br>\r\n iii) We can perform Enqueues and MultiDequeues. A general pattern could be as follows: <br>\r\nEnqueue Enqueue … (ktimes) MultiDequeue Enqueue Enqueue … (ktimes) MultiDequeue\r\n… Up to total n <br>\r\n---- k items enqueued -----k items deleted----k items enqueued----k items deleted -- and\r\nso on. <br>\r\nThe number of times this k-Enqueues, MutiDequeue cycle is performed = n/k+1<br>\r\nSo, Complexity will be k times Enqueue + 1 MultiDequeue) * n/k=1 <br>\r\nWhich is &theta;(2K * (n/k+1)) = &theta;(n)<br>\r\nor <br>\r\niv)  We can just perform n MultiDequeues (or n Dequeues for that matter):\r\n Each time the while condition is false (empty queue), condition is checked just once for\r\neach of the ‘n’ operations. So ?(n). ',NULL,'2016-09-12 07:49:28','0000-00-00 00:00:00',NULL,NULL),(85,2,'The preorder traversal sequence of a binary search tree is 30, 20, 10, 15, 25, 23, 39, 35, 42.\r\nWhich one of the following is the postorder traversal sequence of the same tree? ','[\"10,20,15,23,25,35,42,39,30\", \"15,10,25,23,20,42,35,39,30\" , \"15,20,10,23,25,42,35,39,30 \", \"15,10,23,25,20,35,42,39,30\"]','3','            Preorder :30,20,10,15,25,23,39,35,42<br>\r\nInorder :10,15,20,23,25,30,35,39,42<br>\r\n<img src=\"../images/BST.png\">\r\n        ',NULL,'2016-09-12 07:52:13','0000-00-00 00:00:00',NULL,NULL),(86,2,'What is the return value of f (p,p)  if the value of p is initialized to 5 before the call? Note\r\nthat the first parameter is passed by reference, whereas the second parameter is passed by\r\nvalue.  <br>\r\nint f (int & x, int c) { <br>\r\nc= c -1;<br>\r\nif (c== 0) return 1;<br>\r\nx= x +1;<br>\r\nreturn f (x,c) * x;','[\"3024\", \"6561\" , \"55440\" , \"161051\"]','1','            \r\n        <img src=\"../images/val.png\">',NULL,'2016-09-12 07:56:28','0000-00-00 00:00:00',NULL,NULL),(87,2,'Which of the following is/are undecidable? <br>\r\n1. G is a CFG. Is L (G) = ? ?<br>\r\n2. G is a CFG. IS L (G) = &Sigma; *? <br>\r\n3. M is a Turning machine. Is L(M) regular? <br>\r\n4. A is a DFA and N is a NFA. Is L (A) = L( N) ?  ','[\"3 only \", \"3 and 4 only \" , \"1, 2 and 3 only\", \"2 and 3 only\"]','3','            \r\n        There is an algorithm to check whether the given CFG is empty, finite or infinite and also to\r\nconvert NFA to DFA hence 1 and 4 are decidable',NULL,'2016-09-12 07:59:26','0000-00-00 00:00:00',NULL,NULL),(88,2,'Consider the following two sets of LR(1) items of an LR(1) grammar <br>\r\nX ? c.X, c / d  X? c.X, $<br>\r\nX ? .cX, c / d  X? .cX, $ <br>\r\nX? .d, c / d  X? .d, $ <br>\r\nWhich of the following statements related to merging of the two sets in the corresponding\r\nLALR parser is/are <strong>FALSE</strong>? <br>\r\n1. Cannot be merged since look aheads are different <br>\r\n2. Can be merged but will result in S–R conflict <br>\r\n3. Can be merged but will result in R–R conflict <br>\r\n4. Cannot be merged since goto on c will lead to two different sets <br>\r\n','[\"1 only\", \"2 only\" , \"1 and 4 only \", \"1 ,2,3 and 4 only \"]','3','            \r\n        <img src=\"../images/LALR.png\"><br>\r\n 1. Merging of two states depends on core part (production rule with dot operator), not on\r\nlook aheads.<br>\r\n 2. The two states are not containing Reduce item ,So after merging, the merged state can not\r\ncontain any S-R conflict <br>\r\n 3. As there is no Reduce item in any of the state, so can’t have R-R conflict.<br>\r\n 4. Merging of stats does not depend on further goto on any terminal.<br>\r\n So all statements are false. \r\n',NULL,'2016-09-12 08:04:16','0000-00-00 00:00:00',NULL,NULL),(89,2,'The following figure represents access graphs of two modules M1 and M2. The filled circles\r\nrepresent methods and the unfilled circles represent attributes. IF method m is moved to\r\nmodule M2 keeping the attributes where they are, what can we say about the average\r\ncohesion and coupling between modules in the system of two modules? <br>\r\n<img src=../images/m.png><br> ','[\"There is no change\", \"Average cohesion goes up but coupling is reduced\", \"Average cohesion goes down and coupling also reduces\", \"Average cohesion and coupling increase \"]','0','                      \r\n        <img src=\"../images/m.png\"><br>\r\nCoupling = number of external links/number of modules = 2/2 <br>\r\nCohesion of a module = number of internal links/number of methods<br>\r\nCohesion of M<sub>1</sub> = 8/4 ; Cohesion of M<sub>2</sub>= 6/3; Average cohesion=2  <br>\r\nAfter moving method m to M2, graph will become<br>\r\n<img src=\"m1.png\"><br>\r\nCoupling= 2/2<br>\r\nCohesion of M<sub>1</sub> =6/3 ; Cohesion of M<sub>2</sub>= 8/4; Average cohesion=2  <br>\r\n? answer is no change\r\n\r\n\r\n        ',NULL,'2016-09-12 08:13:02','2016-09-12 08:18:08',NULL,NULL),(90,2,'In an IPv4 datagram, the M bit is 0, the value of HLEN is 10, the value of total length is 400\r\nand the fragment offset value is 300. The position of the datagram, the sequence numbers of\r\nthe first and the last bytes of the payload, respectively are ','[\" Last fragment, 2400 and 2789 \" , \"First fragment, 2400 and 2759 \" , \"Last fragment, 2400 and 2759 \", \"Middle fragment, 300 and 689\"]','2','            \r\n        M= 0 – Means there is no fragment after this, i.e. Last fragment<br>\r\nHLEN=10 - So header length is 4×10=40, as 4 is constant scale factor <br>\r\nTotal Length = 400(40 Byte Header + 360 Byte Payload) <br>\r\nFragment Offset = 300, that means 300×8 Byte = 2400 bytes are before this last fragment<br>\r\n So the position of datagram is last fragment<br>\r\n Sequence number of First Byte of Payload = 2400 (as 0 to 2399 Sequence no are used)<br>\r\n Sequence number of Last Byte of Payload = 2400+360-1=2759<br>',NULL,'2016-09-12 08:20:32','0000-00-00 00:00:00',NULL,NULL),(91,2,'Determine the maximum length of cable (in km) for transmitting data at a rate of 500 Mbps in\r\nan Ethernet LAN with frames of size 10,000 bits. Assume the signal speed in the cable to be\r\n2,00,000 km/s ','[\"1\", \"2\", \"2.5\", \"5\"]','1','            \r\n        500 10 bits -------1 sec <br>\r\n? 10<sup>4</sup> bits -------1 sec = 5* 10<sup>4</sup>/10<sup>4</sup> = 10<sup>4</sup>/5* 10<sup>4</sup>sec = 1/ 5* 10<sup>4</sup> sec <br>\r\n1 sec ---------- 2 * 10 <sup>5</sup><br>\r\n?1/ 5* 10<sup>4</sup> sec = 2 * 10 <sup>5</sup>/5* 10<sup>4</sup> = 4km <br>\r\n?Maximum length of cable = 4/2 = 2km',NULL,'2016-09-12 08:26:31','0000-00-00 00:00:00',NULL,NULL),(92,2,'Consider the following relational schema.\r\n Students(rollno: integer, sname: string)\r\n Courses(courseno: integer, cname: string)\r\n Registration(rollno: integer, courseno; integer, percent: real)\r\n Which of the following queries are equivalent to this query in English?\r\n “Find the distinct names of all students who score more than 90% in the course numbered\r\n107” <br>\r\n(I) SELECT DISTINCT S.sname\r\n FROM Students as S, Registration as R\r\n WHERE R.rollno=S.rollno AND R.Courseno=107 AND R.percent>90<br>\r\n(III)(II)?<sub>sname</sub>(?<sub>courseno =107</sub>? percent >90(Re gistration Students ))<br>\r\n{{T| ? S ? Stuedents, ? R? Registration (S.rolln o = R.rol lno? R.courseno =107 ?R.percent > 90 ? T.sname S.name)}<br>\r\n(IV){<S<sub>N</sub>>|?S<sub>R</sub>?R<sub>P</sub>(<S<sub>R</sub>,S<sub>N</sub>>?Students ? < S<sub>R</sub>,107,R<sub>P</sub>>? Registration? R<sub>P</sub>>90)}\r\n\r\n','[\" I, II, III and IV \", I, II and III only\"\", \"I, II and IV only \", \" II, III and IV only\"]','0','            \r\n        Four queries given in SQL, RA, TRC and DRC in four statements respectively retrieve the\r\nrequired information.',NULL,'2016-09-12 08:39:22','0000-00-00 00:00:00',NULL,NULL),(93,2,'A shared variable x, initialized to zero, is operated on by four concurrent processes W, X, Y, Z as\r\nfollows. Each of the processes W and X reads x from memory, increments by one, stores it to\r\nmemory, and then terminates. Each of the processes Y and Z reads x from memory, decrements by\r\ntwo, stores it to memory, and then terminates. Each process before reading x invokes the P\r\noperation (i.e., wait) on a counting semaphore S and invokes the V operation (i.e., signal) on the\r\nsemaphore S after storing x to memory. Semaphore S is initialized to two. What is the maximum\r\npossible value of x after all processes complete execution? ','[\"-2\", \"-1\", \"1\", \"2\"]','3','            \r\n        <img src=\"../images/table.png\">\r\nR(x) is to read x from memory, w(x) is to store x in memory <br>\r\n(I) w<sub>1</sub>x(0)[W is Preempted]<br>\r\n(II) Y<sub>1</sub> ,Y<sub>2</sub> ,Y<sub>3</sub> x (-2) [Y is completed ]<br>\r\n(III)  Z<sub>1</sub> ,Z<sub>2</sub> ,Z<sub>3</sub> x (-4) [Z is completed ]<br>\r\n(IV) W<sub>2</sub> , W<sub>3</sub>(x(-1))[It  increments local copy of x and stores & W is completed]<br>\r\n(III)  X<sub>1</sub> ,X<sub>2</sub> ,X<sub>3</sub> x (2) [X is completed ]<br>\r\nMaximum value of x = 2 \r\n',NULL,'2016-09-12 09:00:13','0000-00-00 00:00:00',NULL,NULL),(94,2,'Consider the DFA given below. <br>\r\n<img src=\"../images/DFA.png\".\r\nWhich of the following are FALSE? <br>\r\n1. Complement of L(A) is context–free <br>\r\n2. L (A) =  L ((11*0 + 0)(0+1)*0*1*)<br>\r\n3. For the language accepted by A, A is the minimal DFA <br>\r\n4. A accepts all strings over {0, 1} of length at least 2 <br>\r\n\r\n','[\"1 and 3 only\", \"2 and 4 only\", \"2 and 3 only\" , \" 3 and 4 only \"]','3','            \r\n        <img src=\"../images/DFA.png\">\r\n(1) L(A) is regular, its complement is also regular and if it is regular it is also context free. <br>\r\n L (A) =(11*0 + 0)(0+1)*0*1* = 1*0(0+1)*<br>\r\nLanguage has all strings where each string contains ‘0’. <br>\r\n(3) A is not minimal, it can be constructed with 2 states<br>\r\n (4) Language has all strings, where each string contains ‘0’. (atleast length one) ',NULL,'2016-09-12 23:46:47','0000-00-00 00:00:00',NULL,NULL),(95,2,'Consider the following languages <br>\r\nL<sub>1</sub> = {0<sup>p</sup>1<sup>q</sup>0<sup>r</sup> | p,q,r &ge; 0}<br>\r\nL<sub>2</sub> = {0<sup>p</sup>1<sup>q</sup>0<sup>r</sup> | p,q,r &ge; 0, p&ne;r}<br>\r\n\r\nWhich one of the following statements is<strong> FALSE</strong>? <br>\r\n\r\n\r\n','[\"L<sub>2</sub>  is context–free \" , \"L<sub>1</sub> &cap; L<sub>2</sub> is context–free \" ,\"Complement of L<sub>2</sub>  is recursive  \", \" Complement of L<sub>2</sub> is context–free but not regular \"]','4','            L<sub>1</sub> = {0<sup>p</sup>1<sup>q</sup>0<sup>r</sup> | p,q,r &ge; 0} is regular <br>\r\nL<sub>2</sub> = {0<sup>p</sup>1<sup>q</sup>0<sup>r</sup> | p,q,r &ge; 0, p&ne;r} is CFL <br>\r\nL<sub>2</sub> is CFL (True) <br>\r\nL<sub>1</sub> &cap; L<sub>2</sub> =CFL (True) <br>\r\nL<sub>2</sub> complement  is recursive <br>\r\nL<sub>1</sub> complement is CFL but not regular (False) as L<sub>1</sub>is regular  L<sup>-</sup><sub>1</sub> is regular',NULL,'2016-09-13 00:00:33','0000-00-00 00:00:00',NULL,NULL),(96,3,'Out of the following four sentences, select the most suitable sentence with respect to grammar\r\nand usage. ','[\"I will not leave the place until the minister does not meet me. \", \"I will not leave the place until the minister doesn’t meet me. \", \"I will not leave the place until the minister meet me. \", \"I will not leave the place until the minister meets me. \"]','3','            \r\n        ',NULL,'2016-09-13 00:44:34','2016-09-13 00:46:19',NULL,NULL),(97,3,'A rewording of something written or spoken is a -------------','[\"paraphrase\", \"paradox\", \"paradigm\" , \"paraffin\"]','0','            \r\n        ',NULL,'2016-09-13 00:48:17','0000-00-00 00:00:00',NULL,NULL),(98,3,'Archimseedes said, “Give me a lever long enough and a fulcrum on which to place it, and I\r\nwill move the world.” <br>\r\nThe sentence above is an example of a ______________ statement.','[\"figurative\", \"collateral\" , \"literal\" , \"figurine\"]','0','            \r\n        ',NULL,'2016-09-13 00:49:36','0000-00-00 00:00:00',NULL,NULL),(99,3,'If ‘relftaga’ means carefree, ‘otaga’ means careful and ‘fertaga’ means careless, which of the\r\nfollowing could mean ‘aftercare’? ','[\"zentaga\" , \"tagafer\" , \"tagazen\" , \"relffer\"]','2','            \r\n        ',NULL,'2016-09-13 00:50:24','0000-00-00 00:00:00',NULL,NULL),(100,3,'A cube is built using 64 cubic blocks of side one unit. After it is built, one cubic block is\r\nremoved from every corner of the cube. The resulting surface area of the body (in square\r\nunits) after the removal is. ','[\"56\", \"64\" , \"72\" , \"96\"]','3','            \r\n        Four blocks are needed for each direction(totally 3 directions) to build a bigger cube\r\ncontaining 64 blocks. So area of one side of the bigger cube= 4* 4 =16units <br>\r\n There are 6 faces so total area= 6 *16 =  96units<br>\r\n When cubes at the corners are removed they introduce new surfaces equal to exposes surfaces\r\nso the area of the bigger cube does not change from 96 <br>',NULL,'2016-09-13 00:52:17','0000-00-00 00:00:00',NULL,NULL),(101,3,'A shaving set company sells 4 different types of razors, Elegance, Smooth, Soft and\r\nExecutive.\r\n Elegance sells at Rs. 48, Smooth at Rs. 63, Soft at Rs. 78 and Executive at Rs. 173 per piece.\r\nThe table below shows the numbers of each razor sold in each quarter of a year. \r\n\r\n<img src=\"../images/table1.png\">\r\nWhich product contributes the greatest fraction to the revenue of the company in that year? ','[\"Elegance\", \"Executive\", \"Smooth\", \"Soft\"]','1','            \r\n        Total income from Elegance=48 ( 27300 + 25222 + 28976 + 21012 )  = 4920480<br>\r\nTotal income from Smooth=63(20009+19392+22429+18229 = 5043717 <br>\r\nTotal income from Soft=78(17602+18445+19544+16595) =5630508<br>\r\n Total income from Executive=173(9999+8942+10234+10109) =6796132 ',NULL,'2016-09-13 00:56:00','0000-00-00 00:00:00',NULL,NULL),(102,3,'Indian currency notes show the denomination indicated in at least seventeen languages. If this\r\nis not an indication of the nation’s diversity, nothing else is. <br>\r\n Which of the following can be logically inferred from the above sentences? ','[\"India is a country of exactly seventeen languages. \" , \"Linguistic pluralism is the only indicator of a nation’s diversity. \" , \"Indian currency notes have sufficient space for all the Indian languages. \" , \"Linguistic pluralism is strong evidence of India’s diversity. \"]','3','            \r\n        ',NULL,'2016-09-13 00:57:09','0000-00-00 00:00:00',NULL,NULL),(103,3,'Consider the following statements relating to the level of poker play of four players P, Q, R and\r\nS. <br>\r\nI. P always beats Q <br>\r\nII. R always beats S <br>\r\nIII. S loses to P only sometimes <br>\r\nIV. R always loses to Q <br>\r\nWhich of the following can be logically inferred from the above statements?<br<\r\n (i) P is likely to beat all the three other players<br>\r\n (ii) S is the absolute worst player in the set <br>','[\"(i) only\" , \"(ii) only\" , \"(i) and (ii) \" , \"neither (i) nor (ii)\"]','3','            \r\n        ',NULL,'2016-09-13 00:59:12','0000-00-00 00:00:00',NULL,NULL),(104,3,'If f(x) = 2x<sup>7</sup>  + 7x -5, which of the following is a factor of f(x)? ','[\"x<sup>3</sup>+8\", \"(x-1)\" , \"2x-5\" , \"x+1\"]','1','            \r\n        from the option (b0 substitute x=1 in <br>\r\n2x<sup>7</sup>  + 7x -5 = 0 <br>\r\n2(1<sup>7</sup>)  + 7(1) -5 = 0 <br>\r\n5 -5 =0 <br>\r\nSo (x 1) is a factor of f (x)',NULL,'2016-09-13 01:10:24','0000-00-00 00:00:00',NULL,NULL),(105,3,'In a process, the number of cycles to failure decreases exponentially with an increase in load.\r\nAt a load of 80 units, it takes 100 cycles for failure. When the load is halved, it takes 10000\r\ncycles for failure. The load for which the failure will happen in 5000 cycles is ','[\"40.00\" , \"46.02\" , \"60.01\" , \"92.02\"]','1','            \r\n        From the data given we assume <br>\r\nload = exponent/ log(cycles) <br>\r\n80 = x/ log(10000) &rArr; x = 160 <br>\r\n40 = x/ log(10000) &rArr; x = 160 <br>\r\nload = 160/ log5000 = 43.25\r\n',NULL,'2016-09-13 01:17:11','0000-00-00 00:00:00',NULL,NULL),(106,3,'Let p, q, r, s represent the following propositions. <br>\r\np: x &isin; {8, 9, 10, 11, 12} <br>\r\nq: x is a composite number<br>\r\n r: x is a perfect square<br>\r\n s: x is a prime number <br>\r\nThe integer x &ge;  2 which satisfies  &sim;(p &rArr; q &and; (&sim; r &and; v &sim; s)) is .','[\"11\", \"12\", \"15\" , \"16\"]','0','&sim;(p &rArr; q &and; (&sim; r &and; v &sim; s))  =  &sim; ( p &rArr; q ) &or; &sim; (&sim; r &and; v &sim; s) <br>\r\n=  &sim; ( p &rArr; q ) &or;&sim; (r &and; v &sim; s) <br>\r\n=  &sim; ( p &rArr; q ) &or;  (r &and; v &sim; s) <br>\r\n=  &sim; (&sim; p &rOr; q ) &and; (r &and;  s) <br>\r\n= (p &and; &sim; q) &or; (r &and; s)<br>\r\nFor x=11 only the above compound preposition is true. ',NULL,'2016-09-13 01:37:17','0000-00-00 00:00:00',NULL,NULL),(107,3,'Let p, q, r, s represent the following propositions. <br>\r\np: x &isin; {8, 9, 10, 11, 12} <br>\r\nq: x is a composite number<br>\r\n r: x is a perfect square<br>\r\n s: x is a prime number <br>\r\nThe integer x &ge;  2 which satisfies  &sim;(p &rArr; q &and; (&sim; r &and; v &sim; s)) is .','[\"11\", \"12\", \"15\" , \"16\"]','0','&sim;(p &rArr; q &and; (&sim; r &and; v &sim; s))  =  &sim; ( p &rArr; q ) &or; &sim; (&sim; r &and; v &sim; s) <br>\r\n=  &sim; ( p &rArr; q ) &or;&sim; (r &and; v &sim; s) <br>\r\n=  &sim; ( p &rArr; q ) &or;  (r &and; v &sim; s) <br>\r\n=  &sim; (&sim; p &rOr; q ) &and; (r &and;  s) <br>\r\n= (p &and; &sim; q) &or; (r &and; s)<br>\r\nFor x=11 only the above compound preposition is true. ',NULL,'2016-09-13 02:01:03','0000-00-00 00:00:00',NULL,NULL),(108,3,'<img src=../images/lim.png>\r\n','[\"1\" , \"3\", \"2\", \"4\"]','0','            \r\n        <img src=\"../images.limsol.png>',NULL,'2016-09-13 02:08:17','0000-00-00 00:00:00',NULL,NULL),(109,3,'A probability density function on the interval [a, 1] is given by 1/x2\r\n and outside this interval\r\nthe value of the function is zero. The value of a is____. ','[\".5\", \".4\" , \"1\" , \".9\"]','0','            \r\n        <img src=\"../images/func.png\">',NULL,'2016-09-13 02:12:00','0000-00-00 00:00:00',NULL,NULL),(110,3,'Two eigen values of a 3 × 3 real matrix P are (2 + &radic;(-1))  and 3. The determinant of P is _____________.','[\"14\", \"15\", \"16\" , \"13\"]','1','            Given that 2 + &radic;(-1) and 3 are two Eigen values of 3×3 real matrix is, 2 + i and 3  are Eigen\r\nvalues. ,br>\r\nBut 2-i also Eigen values (?complex roots occurs in pair only) ,br>\r\ndet = Product of Eigen values <br>\r\n= (2 +i) * (2-i) *3 = 5* 3 = 15\r\n        ',NULL,'2016-09-13 02:16:34','0000-00-00 00:00:00',NULL,NULL),(111,3,'Consider the Boolean operator # with the following properties: <br>\r\nx # 0 =x, x # 1 = xbar  , x # x = 0 and x # xbar = 1. Then x # y is equivalent to ','[\"xybar + xbary\" , \"xybar+ xbar ybar\", \"xbar y + xy\", \"xy + xbar ybar\"]','0','            \r\n        ',NULL,'2016-09-13 02:19:37','0000-00-00 00:00:00',NULL,NULL),(112,3,'The 16-bit 2’s complement representation of an integer is 1111 1111 1111 0101; its decimal\r\nrepresentation is _________. ','[\"11\", \"-11\" , \"15\", \"-15\"]','1','            \r\n        1111 1111 1111 0101 <br>\r\n2’s complement 0000 0000 0000 1011 <br>\r\n11 and 1st bit is 1.  <br>\r\nSo result is -11 ',NULL,'2016-09-13 02:21:00','0000-00-00 00:00:00',NULL,NULL),(113,3,'We want to design a synchronous counter that counts the sequence 0-1-0-2-0-3 and then\r\nrepeats. The minimum number of J-K flip-flops required to implement this counter is ','[\"5\", \"6\" ,\"7\" , \"4\"]','3','            \r\n        ',NULL,'2016-09-13 02:21:44','0000-00-00 00:00:00',NULL,NULL),(114,3,'A processor can support a maximum memory of 4 GB, where the memory is wordaddressable\r\n(a word consists of two bytes). The size of the address bus of the processor is at\r\nleast __________ bits','[\"30\", \"31\", \"28\" ,\"29\"]','1','            Memory size=4GB= 2<sup>32</supbytes <br>\r\nWord size=2 bytes  <br>\r\n? No. of Address bits = Memorysize/ word size =  2<sup>32</sup>bytes/ 2 bytes = 2<sup>31</sup> &rArr;31 bits\r\n        ',NULL,'2016-09-13 02:24:43','0000-00-00 00:00:00',NULL,NULL),(115,3,'A queue is implemented using an array such that ENQUEUE and DEQUEUE operations are\r\nperformed efficiently. Which one of the following statements is CORRECT (n refers to the\r\nnumber of items in the queue)?','[\"Both operations can be performed in O(1) time \" , \"At most one operation can be performed in O(1) time but the worst case time for the\r\nother operation will be &Omega;(n)\", \" The worst case time complexity for both operations will be &Omega;n)\", \"Worst case time complexity for both operations will be &Omega;(log n) \"]','0','            \r\n        ',NULL,'2016-09-13 02:26:44','0000-00-00 00:00:00',NULL,NULL),(116,3,'We want to design a synchronous counter that counts the sequence 0-1-0-2-0-3 and then\r\nrepeats. The minimum number of J-K flip-flops required to implement this counter is ','[\"5\", \"6\" ,\"7\" , \"4\"]','3','            \r\n        ',NULL,'2016-09-13 02:27:00','0000-00-00 00:00:00',NULL,NULL),(117,3,'Consider the following directed graph:<br>\r\n<img src=\"../images/grph.png\"><br>\r\nThe number of different topological orderings of the vertices of the graph is __________. ','[\"7\", \"8\", 6\", \"9\"]','2','            \r\n        a b c d e f<br>\r\na d e b c f<br>\r\na b d c e f<br>\r\na d b c e f<br>\r\na b d e c f<br>\r\na d b e c f<br>',NULL,'2016-09-13 02:29:10','0000-00-00 00:00:00',NULL,NULL),(118,3,'Consider the following C program.<br>\r\n void f(int, short);<br>\r\n void main() <br>\r\n{<br>\r\n int i = 100; <br>\r\n short s = 12;<br>\r\n short *p = &s;<br>\r\n ____________; // call to f()<br>\r\n }<br>\r\nWhich one of the following expressions, when placed in the blank above, will NOT result in a\r\ntype checking error? ','[\" f(s,*s) \", \"i = f(i,s) \" , \") f(i,*s) \" , \" f(i,*p)\"]','3','            \r\n        Here function f takes two arguments one is int and the other is short and its return type is void.\r\nSo, in main function ‘P’ is a pointer to short and when we call f (i,*p) there won’t be any type\r\nchecking erro',NULL,'2016-09-13 02:31:02','0000-00-00 00:00:00',NULL,NULL),(119,3,'The worst case running times of Insertion sort, Merge sort and Quick sort, respectively, are: ','[\" &Theta;(n log n), &Theta;(n log n), and &Theta;(n2\r\n)\", \"&Theta;(n2\r\n), &Theta;(n2\r\n), and &Theta;(n log n) \", \" &Theta;(n2\r\n), &Theta;(n log n), and &Theta;(n log n) \", \" &Theta;(n2\r\n),  &Theta;(n log n), and  &Theta;(n2\r\n)\"]','3','            \r\n        Merge sort  &Theta;(n log n) in all the cases\r\n Quick sort  &Theta;(n log n) best case and  &Theta;(<sub>2</sub>)\r\n &Theta;(n ) worst cases\r\n Insertion sort  &Theta;(n)best case R  &Theta;(<sub>2</sub>) worst case',NULL,'2016-09-13 02:36:06','0000-00-00 00:00:00',NULL,NULL),(120,3,'Let G be a weighted connected undirected graph with distinct positive edge weights. If every\r\nedge weight is increased by the same value, then which of the following statements is/are\r\nTRUE? <br>\r\nP: Minimum spanning tree of G does not change<br>\r\n Q: Shortest path between any pair of vertices does not change ','[\"P only\" , \" Q only\" , \" Neither P nor Q \" , \" Both P and Q\"]','0','            \r\n        ',NULL,'2016-09-13 02:38:28','0000-00-00 00:00:00',NULL,NULL),(121,3,'Consider the following C program. <br>\r\n #include<stdio.h><br>\r\n void mystery(int *ptra, int *ptrb) { <br>\r\n int *temp;<br>\r\n temp = ptrb;<br>\r\n ptrb = ptra;<br>\r\n ptra = temp;<br>\r\n }<br>\r\n\r\nint main() {<br>\r\n int a=2016, b=0, c=4, d=42;<br>\r\n mystery(&a, &b);<br>\r\n if (a < c)<br>\r\n mystery(&c, &a);<br>\r\n mystery(&a, &d);<br>\r\n printf(\"%d\\n\", a);<br>\r\n }<br>\r\n The output of the program is ______. <br>','[\"2015\",  \"2018\" , \"2016\", \"2014\"]','2','            \r\n        Output is not affected by the function mystery () as it is just taking the address of a&b into\r\nptra & ptrb and contents of ptra & ptrb are swapped leaving a&b as it is. ',NULL,'2016-09-13 02:40:41','0000-00-00 00:00:00',NULL,NULL),(122,3,'Which of the following languages is generated by the given grammar? <br>\r\nS &rarr; aS | bS |&epsilon;<br>\r\n','[\"{a<sub>n</sub> b<sub>m</sub> | n,m &ge;}\" , \"{w &epsilon;{a*b}<sub>*</sub> |  w has equal number of a<sub>\'</sub>s and b<sub>\'</sub>s}\" , \"{a<sub>n</sub> | n &ge; 0} &cup;  {b<sub>n</sub> | n &ge; 0} &cup;  {a<sub>n</sub>b<sub>n</sub> | n &ge;0}\" , \"{a,b}<sub>*</sub>\"]','3','            \r\n        Given grammar generates all strings of a<sub>\'</sub>s and b<sub>\'</sub>s including null string<br>\r\n? L =  ( a + b) <sub>*</sub>',NULL,'2016-09-13 02:50:53','0000-00-00 00:00:00',NULL,NULL),(123,3,'Which of the following decision problems are undecidable? <br>\r\nI.  Given NFAs N<sub>1</sub> and N<sub>2</sub> is L(Nsub>1</sub>)&cap;L(Nsub>2</sub>) = &Phi;?<br>\r\nII. Given a CFG G = (N , &sum; , P, S) and a string x  &isin; &sum;* ,  does x &isin; L(G)?<br>\r\nIII. Given CFGs G1 and G2, is L(G1) = L(G2)? <br>\r\nIV. Given a TM M, is L(M) = &Phi;?','[\" I and IV only \" , \" II and III only \" , \" III and IV only\" , \" II and IV only \"]','2','            \r\n        There is no known algorithm to check whether the language accepted by TM is empty.\r\nSimilarly there is no algorithm to check whether language CFG’s are equivalent. ',NULL,'2016-09-13 04:17:33','0000-00-00 00:00:00',NULL,NULL),(124,3,'Which one of the following regular expressions represents the language: the set of all binary\r\nstrings having two consecutive 0s and two consecutive 1s? ','[\" (0 + 1)?0011(0 + 1)? + (0 + 1)?1100(0 + 1)? \", \"(0 + 1)?(00(0 + 1)?11 + 11(0 + 1)?00)(0 + 1)? \" , \"(0 + 1)?00(0 + 1)? + (0 + 1)?11(0 + 1)?\" , \"00(0 + 1)?11 + 11(0 + 1)?00 \"]','1','            \r\n        (a) contains 00 & 11 consecutively which is not the required condition.<br>\r\n (c) Doesn’t guaranty that both 00 & 11 will be present in the string.<br>\r\n (d) Says string should start with 11 & ends with 00 or vice versa. <br>',NULL,'2016-09-13 04:19:14','0000-00-00 00:00:00',NULL,NULL),(125,3,'Consider the following code segment.<br>\r\n x = u - t;<br>\r\n y = x * v;<br>\r\n x = y + w;<br>\r\n y = t - z;<br>\r\n y = x * y; <br>\r\nThe minimum number of total variables required to convert the above code segment to static\r\nsingle assignment form is _________. ','[\"7\", \"8\", \"11\", \"13\"]','0','            \r\n        ',NULL,'2016-09-13 04:20:37','0000-00-00 00:00:00',NULL,NULL),(126,3,'Consider an arbitrary set of CPU-bound processes with unequal CPU burst lengths\r\nsubmitted at the same time to a computer system. Which one of the following process\r\nscheduling algorithms would minimize the average waiting time in the ready queue? ','[\"Shortest remaining time first \", \"Round-robin with time quantum less than the shortest CPU burst\' , \"Uniform random \" , \" Highest priority first with priority proportional to CPU burst length \"]','0','            \r\n        SRTF is pre emptive SJF which produces less average waiting time. ',NULL,'2016-09-13 04:21:30','0000-00-00 00:00:00',NULL,NULL),(127,3,'Which of the following is NOT a super key in a relational schema with attributes V ,\r\nW , X , Y , Z and primary key V Y ? ','[\" V XY Z \" , \"V W X Z\" , \"V W XY\" , \"V W XY Z \"]','1','            \r\n        Any superset of VY is a super key.',NULL,'2016-09-13 04:22:37','0000-00-00 00:00:00',NULL,NULL),(128,3,'Which one of the following is NOT a part of the ACID properties of database transactions? ','[\"Atomicity\", \"Consistency\" , \"Isolation\" , \"Deadlock-freedom\"]','3','            \r\n        ‘D’ means durability not deadlock freedom. ',NULL,'2016-09-13 04:23:29','0000-00-00 00:00:00',NULL,NULL),(129,3,'A database of research articles in a journal uses the following schema. (VOLUME,\r\nNUMBER, STARTPAGE, ENDPAGE, TITLE, YEAR, PRICE) <br>\r\n The primary key is (VOLUME, NUMBER, STARTPAGE, ENDPAGE) and the \r\nfollowing functional dependencies exist in the schema.<br>\r\n (VOLUME, NUMBER, STARTPAGE, ENDPAGE) ? TITLE<br>\r\n (VOLUME, NUMBER ? YEAR<br>\r\n (VOLUME, NUMBER, STARTPAGE, ENDPAGE) ? PRICE<br>\r\n The database is redesigned to use the following schemas.<br>\r\n (VOLUME, NUMBER, STARTPAGE, ENDPAGE, TITLE, PRICE) (VOLUME, NUMBER,\r\nYEAR)<br>\r\n Which is the weakest normal form that the new database satisfies, but the old one does not?  ','[\"1NF\" , \"2NF\' , \"3NF\" , \"BCNF\"]','0','                      \r\n          \r\n         candidate key is (volume, number, start page, end page)\r\n (Volume number) &rarr; year is a partial dependency. So original table is in 1NF but not in 2NF ',NULL,'2016-09-13 04:25:27','2016-09-13 04:31:48',NULL,NULL),(130,3,'Which one of the following protocols is NOT used to resolve one form of address to another\r\none? ','[\"DNS\" , \"ARP\' , \"DHCP\" , \"RARP\"]','2','            Except DHCP, remaining all the protocols are used to resolve one form of address to another\r\none. \r\n        ',NULL,'2016-09-13 04:33:00','0000-00-00 00:00:00',NULL,NULL),(131,3,'Which of the following is/are example(s) of stateful application layer protocols?<br>\r\n(i) HTTP (ii) FTP (iii) TCP (iv) POP3 ','[\" (i) and (ii) only\", \" (ii) and (iii) only\" , \" (ii) and (iv) only\" , \" (iv) only\"]','2','FTP and POP 3are stateful application layer protocols             \r\n        ',NULL,'2016-09-13 04:34:09','0000-00-00 00:00:00',NULL,NULL),(132,3,'The coefficient of x<sup>12</sup> in (x<sup>3</sup> + x<sup>4</sup>+ x<sup>5</sup>+ x<sup>6</sup> +...)<sup>3</sup> is ____________.','[\"8\", \"9\", \"10\", \"11\"]','2','            \r\n        (x<sup>3</sup> + x<sup>4</sup>+ x<sup>5</sup>+ x<sup>6</sup> +...)<sup>3</sup><br>\r\n= x<sup>9</sup> (1 +  x  + x<sup>2</sup>  + ... )<sup>3</sup><br>\r\n= x<sup>9</sup> ( (1-x)<sup>-1</sup> )<sup>3,/sup><br>\r\n= x<sup>9</sup> (1-x)<sup>-3</sup>\r\n=x<sup>9</sup>  &sum;( (n+1)(n+2)/2) x<sup>n</sup> \r\nFor coefficient of x <sup>12</sup> put n=3 = (4* 5)/2 = 10',NULL,'2016-09-13 04:42:18','0000-00-00 00:00:00',NULL,NULL),(133,3,'Consider the recurrence relation a<sub>1</sub> = 8 , a<sub>n</sub> = 6n<sup>2</sup> + 2n +a<sub>n-1</sub>. Let a<sub>99</sub> = K * 10<sup>4</sup>.  The value of K\r\nis __________. ','[\"196\", \'\'198\" , \"200\" , \"202\"]','1','            \r\n        The recurrence relation can be written as  a<sub>n</sub>- a<sub>n-1</sub> == 6n<sup>2</sup> +2n        ...........(i)<br>\r\nCharacteristic equation is m-1=0, m=1  <br>\r\nComplementary solution = a<sup>(1)</sup><sub>n<sub> = C<sub>1</sub>(1)<sup>n<sup> = C<sub>1</sub> <br>\r\nLet the particular solution be a<sup>(b)</sup><sub>n<sub> = (An<sup>2</sup> + Bn +c)n                                     ..........(ii)<br>\r\n(?RHS is second deg ree polynomial and 1is root) <br>\r\nBy substuting a<sub>n<sub> = (An<sup>2</sup> + Bn +c)n in (i) and solving A=2, B=4, C=2 ,br>\r\nGeneral solution is a<sub>n<sub> = a<sup>(c)</sup><sub>n<sub> + a<sup>(b)</sup><sub>n<sub> = C<sub>1</sub> +                    ( 2n<sup>2</sup> + 4n + 2)n <br>\r\ngiven a<sub>1</sub> = B &rArr; B =c<sub>1</sub> + B &rArr; c<sub>1</sub> = 0 <br>\r\nGiven a<sub>99</sub> = K * 10<sup>4</sup><br>\r\n&rArr; [2(99)<sup>2</sup> + 4(99) + 2 ] 99 = 2[(100-1)<sup>2</sup> +2 (100-1) + (100- 1)] = 10<sup>4</sup> (198) =  K * 10<sup>4</sup><br>\r\n\r\nK = 198',NULL,'2016-09-13 05:00:25','0000-00-00 00:00:00',NULL,NULL),(134,3,'A function f :  N<sup>+</sup>&rarr; N<sup>+</sup>, defined on the set of positive integers N<sup>+</sup>satisfies the following\r\nproperties <br>\r\nf (n) = f (n/2) if n is even <br>\r\nf (n) = f (n + 5) if n is odd <br>\r\nLet R = { i | &exist;  j: f (j) = i} be the set of distinct values that f takes. The maximum possible size\r\nof R is ____________.','[\"2\", \"4\", \"6\" , \"8\"]','0','Given f(n) = f(n/2) if n is  even <br>\r\n= f(n+5) if n is odd<br<\r\nWe can observe that f(1) = f(2)=f(3)=f(4)=f(6)=f(7)………. <br>\r\nand f (5) f (10) f(15) = = =………<br>\r\n Clearly, the range of f(x) will contain two distinct elements only. ',NULL,'2016-09-13 05:07:09','0000-00-00 00:00:00',NULL,NULL),(135,3,'Consider the following experiment.<br>\r\n Step 1. Flip a fair coin twice.<br>\r\n Step 2. If the outcomes are (TAILS, HEADS) then output Y and stop.<br>\r\n Step 3. If the outcomes are either (HEADS, HEADS) or (HEADS, TAILS), then output N and\r\nstop.<br>\r\n Step 4. If the outcomes are (TAILS, TAILS), then go to Step 1.<br>\r\n The probability that the output of the experiment is Y is (up to two decimal places) ','[\"0.33\", \"0.44\", \"0.37\", \"0.47\"]','0','From the given steps we can observe that probabilities of y are <br>\r\n(1/4),(1/4)(1/4), (1/4)<sup>2</sup>(1/4), .......<br>\r\nRequired probability <br>\r\n(1/4) *+((1/4)*(1/4)) + ((1/4)<sup>2</sup> *(1/4))......<br>\r\n(1/4)+ (1/4)<sup>2</sup> + (1/4)<sup>3</sup> + ..........<br>\r\n(1/4) (1+ (1/4) + (1/4)<sup>2</sup> + ........)= (1/4)(1/(1-(1/4))) = (1/4) * (4/3) = 1/3 = .33\r\n            \r\n        ',NULL,'2016-09-13 05:14:09','0000-00-00 00:00:00',NULL,NULL),(136,3,'The size of the data count register of a DMA controller is 16 bits. The processor needs to\r\ntransfer a file of 29,154 kilobytes from disk to main memory. The memory is byte\r\naddressable. The minimum number of times the DMA controller needs to get the control of\r\nthe system bus from the processor to transfer the file from the disk to main memory is\r\n__________. ','[\"456\" , \"457\" , \"458\" , \"459\"]','0','            \r\n        DMA controller needs &rArr; 29154kB/s<sup>16</sup>bytes &rArr; 455.53125 = 456',NULL,'2016-09-13 05:16:56','0000-00-00 00:00:00',NULL,NULL),(137,3,'The stage delays in a 4-stage pipeline are 800, 500, 400 and 300 picoseconds. The first stage\r\n(with delay 800 picoseconds) is replaced with a functionally equivalent design involving two\r\nstages with respective delays 600 and 350 picoseconds. The throughput increase of the\r\npipeline is _________ percent','[\"33.33\", \"44.44\", \"38.33\", \"31.34\"]','0','            Old design t<sub>p</sub> = 800 <br>\r\nNew design  t<sub>p</sub> = 600 <br>\r\n        Throughput =( (800 -600)/600 ) * 100% = 33.33%',NULL,'2016-09-13 05:19:54','0000-00-00 00:00:00',NULL,NULL),(138,3,'Consider a carry look ahead adder for adding two n-bit integers, built using gates of fan-in at\r\nmost two. The time to perform addition using this adder is ','[\"&Theta;(1)\", \"&Theta;(log(n))\" , \"&Theta;(&radic;n)\" , \"&Theta;(n)\"]','1','            \r\n        ',NULL,'2016-09-13 05:21:46','0000-00-00 00:00:00',NULL,NULL),(139,3,'The following function computes the maximum value contained in an integer array p[ ] of size <br>\r\nn (n >= 1) <br>\r\nint max(int <sup>*</sup>*p, int n) { <br>\r\nint a=0, b=n-1;<br>\r\n while ( _________ ) {<br>\r\n if (p[a] <= p[b]) { a = a+1; }<br>\r\n else { b = b-1; }<br>\r\n }<br>\r\n return p[a]; <br>\r\n } <br>\r\n\r\nThe missing loop condition is ','[\" a != n \" , \"b != 0\" , \" b > (a + 1) \" , \" b != a \"]','3','            \r\n        When a=b then P[a] will have the maximum value of the array',NULL,'2016-09-13 05:24:35','0000-00-00 00:00:00',NULL,NULL),(140,3,'What will be the output of the following C program?<br>\r\n void count(int n){<br>\r\n static int d=1;<br>\r\n printf(\"%d \", n); printf(\"%d \", d); d++;<br>\r\n if(n>1) count(n-1);<br>\r\n printf(\"%d \", d);<br>\r\n }<br>\r\n void main(){<br>\r\n count(3);<br>\r\n } <br>','[\"3 1 2 2 1 3 4 4 4\" , \"3 1 2 1 1 1 2 2 2 \' , \"3 1 2 2 1 3 4 \" , \"3 1 2 1 1 1 2 \"]','0','            <img src=\"../images/cpro.png\">\r\nOutput is 31 22 13 4 4 4 \r\n        ',NULL,'2016-09-13 05:27:53','0000-00-00 00:00:00',NULL,NULL),(141,3,'What will be the output of the following pseudo-code when parameters are passed by\r\nreference and dynamic scoping is assumed? <br>\r\na=3; <br>\r\nvoid n(x) {x = x * a; print(x);}  <br>\r\nvoid m(y) {a = 1; a = y - a; n(a); print(a);} <br>\r\n void main() {m(a);} ','[\" 6, 2 \" , \"6, 6\" , \"4, 2\" , \"4,4\"]','3','            \r\n        Dynamic scoping looks for the definition of free variable in the reverse order of calling\r\nsequence.',NULL,'2016-09-13 05:29:21','0000-00-00 00:00:00',NULL,NULL),(142,3,'An operator delete (i) for a binary heap data structure is to be designed to delete the item in\r\nthe i-th node. Assume that the heap is implemented in an array and i refers to the i-th index of\r\nthe array. If the heap tree has depth d (number of edges on the path from the root to the\r\nfarthest leaf), then what is the time complexity to re-fix the heap efficiently after the removal\r\nof the element? ','[\"O(1) \" , \" O(d) but not O(1) \" , \"O(2d ) but not O(d)\" , \"O(d 2d ) but not O(2d ) \"]','1','            Time complexity of heapification is O (height) =O(d) \r\n        ',NULL,'2016-09-13 05:30:18','0000-00-00 00:00:00',NULL,NULL),(143,3,'Consider the weighted undirected graph with 4 vertices, where the weight of edge {i, j} is\r\ngiven by the entry Wi j in the matrix W. <br>\r\n<img src=\"../images/mat.png\">\r\nThe largest possible integer value of x, for which at least one shortest path between some pair\r\nof vertices will contain the edge with weight x is __________. ','[\"12\" , \"11\", \"13\", \"14\"]','0','            \r\n        If x=12 then the shortest path between d & c will contain edge with lable ‘x’. ',NULL,'2016-09-13 05:32:08','0000-00-00 00:00:00',NULL,NULL),(144,3,'Let G be a complete undirected graph on 4 vertices, having 6 edges with weights being 1, 2,\r\n3, 4, 5, and 6. The maximum possible weight that a minimum weight spanning tree of G can\r\nhave is ___________. ','[\"6\", \"7\", \"8\", \"5\"]','1','            \r\n        <img src=\"../images/dir.png\">',NULL,'2016-09-13 05:33:49','0000-00-00 00:00:00',NULL,NULL),(145,3,'G = (V, E ) is an undirected simple graph in which each edge has a distinct weight, and e is a\r\nparticular edge of G. Which of the following statements about the minimum spanning trees\r\n(MSTs) of G is/are <strong>TRUE</strong>? <br>\r\n I. If e is the lightest edge of some cycle in G, then every MST of G includes e<br>\r\n II. If e is the heaviest edge of some cycle in G, then every MST of G excludes e <br>','[\" I only \" , \"II only\" , \" both I and II\", \" neither I nor II \"]','1','            \r\n        ',NULL,'2016-09-13 05:35:16','0000-00-00 00:00:00',NULL,NULL),(146,3,'Let Q denote a queue containing sixteen numbers and S be an empty stack. Head(Q) returns\r\nthe element at the head of the queue Q without removing it from Q. Similarly Top(S) returns\r\nthe element at the top of S without removing it from S. Consider the algorithm given below.<br>\r\nwhile Q is not Empty do <br>\r\nif S is Empty OR Top(S) &le; Head(Q) then <br>\r\nx := Dequeue(Q); <br>\r\nPush(S, x); <br>\r\nelse<br>\r\nx := Pop(S);<br>\r\n Enqueue(Q, x); <br>\r\nend<br>\r\n<br>\r\nThe maximum possible number of iterations of the while loop in the algorithm is\r\n_________. \r\nend','[\"222\", \"246\", \"257\", \"256\"]','3','            \r\n        Maximum number of iterations will be n<sup>2</sup> = 256 [? n =16]<br>',NULL,'2016-09-13 05:38:53','0000-00-00 00:00:00',NULL,NULL),(147,3,'Consider the following context-free grammars: <br>\r\nG1: S &rarr; aS|B, B &rarr; b|bB <br>\r\nG2: S  &rarr; aA|bB, A  &rarr; aA|B|&epsilon; , B ? bB|&epsilon; <br>\r\nWhich one of the following pairs of languages is generated by G1 and G2, respectively?','[\"{a<sup>m</sup>b<sup>n</sup>  > 0 or n > 0 } and {a<sup>m</sup>b<sup>n</sup>  > 0 or n > 0 }\", \"{a<sup>m</sup>b<sup>n</sup>  > 0 and n > 0 } and {a<sup>m</sup>b<sup>n</sup>  > 0 and n > 0 }\", \"{a<sup>m</sup>b<sup>n</sup>  &ge; 0 or n > 0 } and {a<sup>m</sup>b<sup>n</sup>  > 0 and n > 0 }\", \"{a<sup>m</sup>b<sup>n</sup>  &ge; 0 or n > 0 } and {a<sup>m</sup>b<sup>n</sup>  > 0 or n > 0 }\"]','3','            Lagrange’s generated by G<sub>1</sub> = a * b <sup>*</sup>\r\nLagrange’s generated by * G<sub>2</sub> = a<sup>+</sup> b<sup>*</sup>\\ b<sup>+</sup>\r\n        ',NULL,'2016-09-13 05:55:22','0000-00-00 00:00:00',NULL,NULL),(148,3,'Let X be a recursive language and Y be a recursively enumerable but not recursive language.\r\n Let W and Z be two languages such that Y reduces to W , and Z reduces to X (reduction\r\nmeans the standard many-one reduction). Which one of the following statements is TRUE? ','[\" W can be recursively enumerable and Z is recursive. \", \"W can be recursive and Z is recursively enumerable. \" , \"W is not recursively enumerable and Z is recursive. \", \"W is not recursively enumerable and Z is not recursive. \"]','2','            \r\n        ',NULL,'2016-09-13 06:05:06','0000-00-00 00:00:00',NULL,NULL),(149,3,'The attributes of three arithmetic operators in some programming language are given below. <br>\r\nOperator    Precedence      Associativity       Arity <br>\r\n+                  High                   Left                    Binary <br>\r\n?                  Medium             Right                  Binary <br>\r\n?                 Low                    Left                    Binary <br>\r\n\r\n','[\"8\", \"7\", \"9\", \"6\"]','2','2 - 5 + 1 - 7*3<br>\r\n2-( 5+ 1) - 7*3<br>\r\n2- 6 - 7 *3<br>\r\n2- (-1) *3<br>\r\n(2+1) *3<br>\r\n3*3 = 9\r\n',NULL,'2016-09-13 06:09:55','0000-00-00 00:00:00',NULL,NULL),(150,3,'Consider the following Syntax Directed Translation Scheme (SDTS), with non-terminals {S,\r\nA} and terminals {a, b}<br>\r\nS &rarr; aA {print 1}<br>\r\nS &rarr; a {print 2}<br>\r\nA &rarr; Sb {print 2}<br>\r\n','[\" 1 3 2\" , \" 2 2 3 \" , \" 2 3 1 \" , \"syntax error \"]\r\n','2','            \r\n        <img src=\"../images/SDTS.png\">',NULL,'2016-09-13 06:14:46','0000-00-00 00:00:00',NULL,NULL),(151,3,'Consider a computer system with 40-bit virtual addressing and page size of sixteen\r\nkilobytes. If the computer system has a one-level page table per process and each page table\r\nentry requires 48 bits, then the size of the per-process page table is _________ megabytes. ','[\"384\" , \"382\", \"389\" , \"385\"]','0','            \r\n        Given  LA = 40 bit =  LAS = 2<sup>40</sup><br>\r\nPagesize 16KB <br>\r\nPage tableEntrysize (e) 48 bits(or)6 bytes<br>\r\nPage table size ?<br>\r\nSize of the page table = n * e<br>\r\n? No. of pages (n) = LAS/PS =   2<sup>40</sup>/2<sup>14</sup>  =2<sup>26</sup> = 64M<br>\r\n?  Page table size = 64 * 6B = 384MB  ',NULL,'2016-09-13 06:19:40','0000-00-00 00:00:00',NULL,NULL),(152,3,'Consider a disk queue with requests for I/O to blocks on cylinders 47, 38, 121, 191, 87, 11,\r\n92, 10. The C-LOOK scheduling algorithm is used. The head is initially at cylinder number\r\n63, moving towards larger cylinder numbers on its servicing pass. The cylinders are numbered\r\nfrom 0 to 199. The total head movement (in number of cylinders) incurred while servicing\r\nthese requests is __________. ','[\"(346)\", \"364\", \"436\", \"634\"]','0','            C-Look disc Scheduling\r\n0 10 11 38 47 63 87 92 121 191 199 \r\n<img src=\"../images/c-look.png\">\r\n?   Total Head movements =   24 + 5 + 29 + 70 + 181 + 1 + 27 + 9 = 346\r\n        ',NULL,'2016-09-13 06:23:34','0000-00-00 00:00:00',NULL,NULL),(153,3,'Consider a computer system with ten physical page frames. The system is provided with an\r\naccess sequence (a<sub>1<sub>, a<sub>2<sub>, ........., a<sub>20<sub>, a<sub>1<sub>, a<sub>2<sub>,.............., a<sub>20<sub>), where each a<sub>i<sub>\r\n is a distinct virtual page\r\nnumber. The difference in the number of page faults between the last-in-first-out page\r\nreplacement policy and the optimal page replacement policy is __________. ','[\"2\", \"3\", \"1\", \"4\"]','2','            \r\n        a<sub>1<sub>  a<sub>2<sub> ........., a<sub>20<sub>  a<sub>1<sub> a<sub>2<sub,.............. a<sub>20<sub><br>\r\n<img src=\"../images/lifo.png\"><br>\r\nFor first a<sub>1<sub> to  a<sub>20<sub>20 page fault<br>\r\nNow  a<sub>1<sub> to a<sub>9<sub> Hit <br>\r\nSo total 31 page fault \r\n\r\n<img src=\"../images/optimal.png\"><br>\r\nFor first a<sub>1<sub> to  a<sub>20<sub>20 page fault<br>\r\nNow  a<sub>1<sub> to a<sub>9<sub> Hit <br>\r\nSo total 31 page fault \r\nDifference = 31 - 30 = 1  \r\n\r\n',NULL,'2016-09-13 06:32:20','0000-00-00 00:00:00',NULL,NULL),(154,3,'Consider the following proposed solution for the critical section problem. There are n\r\nprocesses: P<sub>0</sub> .... P<sub>n-1</sub>In the code, function pmax returns an integer not smaller than any of\r\nits arguments. For all i, t[i] is initialized to zero. <br>\r\nCode for P<sub>i</sub>.<br>\r\ndo { <br>\r\nc[i]=1; t[i] = pmax(t[0],. . .,t[n-1])+1; c[i]=0;<br>\r\nfor every j = i in {0,. . .,n-1} { <br>\r\nwhile (c[j]); <br>\r\nwhile (t[j] != 0 && t[j]<=t[i]); <br>\r\n}<br>\r\nCritical Section; <br>\r\nt[i]=0;<br>\r\n Remainder Section; <br>\r\n} while (true); <br>\r\nWhich one of the following is TRUE about the above solution?<br>\r\n','[\"At most one process can be in the critical section at any time \" , \" The bounded wait condition is satisfied \" , \"The progress condition is satisfied \" , \" It cannot cause a deadlock \"]','0','            \r\n        ',NULL,'2016-09-13 06:49:37','0000-00-00 00:00:00',NULL,NULL),(155,3,'Consider the following two phase locking protocol. Suppose a transaction T accesses (for\r\nread or write operations), a certain set of objects { O<sub>1</sub>, ..............O<sub>k</sub>}.This is done in the following\r\nmanner: <br>\r\nStep 1. T acquires exclusive locks to O1, . . . , Ok in increasing order of their addresses.<br>\r\n Step 2. The required operations are performed.<br>\r\n Step 3. All locks are released.<br>\r\n This protocol will <br>','[\" guarantee serializability and deadlock-freedom\" , \" guarantee neither serializability nor deadlock-freedom \" , \"guarantee serializability but not deadlock-freedom \" , \"guarantee deadlock-freedom but not serializability \"]','0','            \r\n        2PL ensures serializability and here as we are following linear order in acquiring the locks\r\nthere will not be any deadlock. ',NULL,'2016-09-13 06:52:37','0000-00-00 00:00:00',NULL,NULL),(156,3,'Consider that B wants to send a message m that is digitally signed to A. Let the pair of private\r\nand public keys for A and B be denoted by K<sup>-</sup><sub>x</sub> and K<sup>+</sup><sub>x</sub>  for x = A, B, respectively. Let K<sub>x</sub>(m) represent the operation of encrypting m with a key Kx and H (m) represent the message\r\ndigest. Which one of the following indicates the CORRECT way of sending the message m\r\nalong with the digital signature to A? ','[\"{m , K<sup>+</sup><sub>B</sub>(H(m))}\", \"{m , K<sup>-</sup><sub>B</sub>(H(m))}\" , \"{m , K<sup>-</sup><sub>A</sub>(H(m))}\", \"{m , K<sup>+</sup><sub>A</sub>(H(m))}\"]','1','            \r\n        <img src=\"../images/gforum.png\">\r\n',NULL,'2016-09-13 07:02:31','0000-00-00 00:00:00',NULL,NULL),(157,3,'An IP datagram of size 1000 bytes arrives at a router. The router has to forward this packet on\r\na link whose MTU (maximum transmission unit) is 100 bytes. Assume that the size of the IP\r\nheader is 20 bytes.\r\n The number of fragments that the IP datagram will be divided into for transmission is\r\n________. ','[\"12\", \"13\", \"14\", \"16\"]','1','            <img src=\"../images/ipdiagram\">\r\n        ',NULL,'2016-09-13 07:13:20','0000-00-00 00:00:00',NULL,NULL),(158,3,'For a host machine that uses the token bucket algorithm for congestion control, the token\r\nbucket has a capacity of 1 megabyte and the maximum output rate is 20 megabytes per\r\nsecond. Tokens arrive at a rate to sustain output at a rate of 10 megabytes per second. The\r\ntoken bucket is currently full and the machine needs to send 12 megabytes of data. The\r\nminimum time required to transmit the data is __________ seconds. ','[\"1.2\" , \"1.6\" , \"2\" , \"1.5\"]','0','           Given <br>\r\nC =1Mb<br>\r\nMax Output rate = 20Mbps <br>\r\nArrival rate = 10Mbps<br>\r\n? The minimum time required to transmit the data is = S= c/m-&rho;<br>\r\n\r\nS = 1Mb/(20 -10Mbps) = 1/10 = 0.1sec\r\nFor 12Mb of data, S value becomes 1.2seconds',NULL,'2016-09-13 07:17:43','0000-00-00 00:00:00',NULL,NULL),(159,3,'An IP datagram of size 1000 bytes arrives at a router. The router has to forward this packet on\r\na link whose MTU (maximum transmission unit) is 100 bytes. Assume that the size of the IP\r\nheader is 20 bytes.\r\n The number of fragments that the IP datagram will be divided into for transmission is\r\n________. ','[\"12\", \"13\", \"14\", \"16\"]','1','            <img src=\"../images/ipdiagram\">\r\n        ',NULL,'2016-09-13 07:22:21','0000-00-00 00:00:00',NULL,NULL),(160,3,'A sender uses the Stop-and-Wait ARQ protocol for reliable transmission of frames. Frames\r\nare of size 1000 bytes and the transmission rate at the sender is 80 Kbps (1Kbps = 1000\r\nbits/second). Size of an acknowledgement is 100 bytes and the transmission rate at the\r\nreceiver is 8 Kbps. The one-way propagation delay is 100 milliseconds.\r\n Assuming no frame is lost, the sender throughput is __________ bytes/second. ','[\"2500\", \"2600\", \"2550\", \"2650\"]','0','Frame size (L) =1000bytes<br>\r\nSender side bandwidth     B<sub>s</sub> = 80kbps <br>\r\nAcknowledgement  (L<sub>A</sub>)  =100bytes <br>\r\nReceiver side bandwidth (B<sub>R</sub>)  =8kbps <br>\r\n     T<sub>p</sub> =100ms <br>\r\nn = T<sub>x</sub> / (T<sub>x</sub> + T<sub>ack</sub> + 2T<sub>p</sub>) <br>\r\n\r\n(msg)T<sub>x</sub> = L/B<sub>s</sub> = 1000Bytes/(10 * 10<sup>3<sup> BPS) = 100ms <br>\r\n(Ack)T<sub>A</sub> = L<sub>A</sub>/B<sub>R</sub> = 100Bytes/(1 * 10<sup>3<sup> BPS) = 100ms <br>\r\nT<sub>p</sub> = 100ms <br>\r\n?  Channel Utilization =  T<sub>n</sub> / (T<sub>n</sub> + T<sub>ack</sub> + 2T<sub>p</sub>) = 100ms/(100ms+100ms+200ms) =1/4<br>\r\n? Throughput = &eta;* B = (1/4) *10 *10<sup>3</sup> = 2.5kbps (or 2500 Bps)\r\n\r\n       ',NULL,'2016-09-13 07:34:25','0000-00-00 00:00:00',NULL,NULL);
/*!40000 ALTER TABLE `test_info` ENABLE KEYS */;
UNLOCK TABLES;
/*!50003 SET @saved_cs_client      = @@character_set_client */ ;
/*!50003 SET @saved_cs_results     = @@character_set_results */ ;
/*!50003 SET @saved_col_connection = @@collation_connection */ ;
/*!50003 SET character_set_client  = utf8 */ ;
/*!50003 SET character_set_results = utf8 */ ;
/*!50003 SET collation_connection  = utf8_general_ci */ ;
/*!50003 SET @saved_sql_mode       = @@sql_mode */ ;
/*!50003 SET sql_mode              = 'NO_ENGINE_SUBSTITUTION' */ ;
DELIMITER ;;
/*!50003 CREATE*/ /*!50017 DEFINER=`root`@`localhost`*/ /*!50003 TRIGGER test_info_update_entry BEFORE UPDATE ON test_info FOR EACH ROW SET NEW.modify_date = CURRENT_TIMESTAMP */;;
DELIMITER ;
/*!50003 SET sql_mode              = @saved_sql_mode */ ;
/*!50003 SET character_set_client  = @saved_cs_client */ ;
/*!50003 SET character_set_results = @saved_cs_results */ ;
/*!50003 SET collation_connection  = @saved_col_connection */ ;

--
-- Table structure for table `test_types`
--

DROP TABLE IF EXISTS `test_types`;
/*!40101 SET @saved_cs_client     = @@character_set_client */;
/*!40101 SET character_set_client = utf8 */;
CREATE TABLE `test_types` (
  `id` int(11) NOT NULL AUTO_INCREMENT,
  `name` varchar(255) NOT NULL,
  `create_date` timestamp NOT NULL DEFAULT CURRENT_TIMESTAMP,
  `modify_date` timestamp NOT NULL DEFAULT '0000-00-00 00:00:00',
  `created_by` varchar(100) DEFAULT NULL,
  `modified_by` varchar(100) DEFAULT NULL,
  PRIMARY KEY (`name`),
  UNIQUE KEY `id` (`id`)
) ENGINE=InnoDB AUTO_INCREMENT=4 DEFAULT CHARSET=latin1;
/*!40101 SET character_set_client = @saved_cs_client */;

--
-- Dumping data for table `test_types`
--

LOCK TABLES `test_types` WRITE;
/*!40000 ALTER TABLE `test_types` DISABLE KEYS */;
INSERT INTO `test_types` VALUES (2,'Mock Test','2016-09-08 10:25:40','0000-00-00 00:00:00',NULL,NULL),(3,'Practice Test','2016-09-08 10:25:40','0000-00-00 00:00:00',NULL,NULL),(1,'previous','2016-09-08 10:25:40','2016-09-08 13:06:59',NULL,NULL);
/*!40000 ALTER TABLE `test_types` ENABLE KEYS */;
UNLOCK TABLES;
/*!50003 SET @saved_cs_client      = @@character_set_client */ ;
/*!50003 SET @saved_cs_results     = @@character_set_results */ ;
/*!50003 SET @saved_col_connection = @@collation_connection */ ;
/*!50003 SET character_set_client  = utf8 */ ;
/*!50003 SET character_set_results = utf8 */ ;
/*!50003 SET collation_connection  = utf8_general_ci */ ;
/*!50003 SET @saved_sql_mode       = @@sql_mode */ ;
/*!50003 SET sql_mode              = 'NO_ENGINE_SUBSTITUTION' */ ;
DELIMITER ;;
/*!50003 CREATE*/ /*!50017 DEFINER=`root`@`localhost`*/ /*!50003 TRIGGER test_types_update_entry BEFORE UPDATE ON test_types FOR EACH ROW SET NEW.modify_date = CURRENT_TIMESTAMP */;;
DELIMITER ;
/*!50003 SET sql_mode              = @saved_sql_mode */ ;
/*!50003 SET character_set_client  = @saved_cs_client */ ;
/*!50003 SET character_set_results = @saved_cs_results */ ;
/*!50003 SET collation_connection  = @saved_col_connection */ ;

--
-- Table structure for table `tests`
--

DROP TABLE IF EXISTS `tests`;
/*!40101 SET @saved_cs_client     = @@character_set_client */;
/*!40101 SET character_set_client = utf8 */;
CREATE TABLE `tests` (
  `id` int(11) NOT NULL AUTO_INCREMENT,
  `name` varchar(255) NOT NULL,
  `total_count` int(11) DEFAULT NULL,
  `type_id` int(11) NOT NULL,
  `exam_level` varchar(100) DEFAULT NULL,
  `exam_level_id` int(11) NOT NULL,
  `create_date` timestamp NOT NULL DEFAULT CURRENT_TIMESTAMP,
  `modify_date` timestamp NOT NULL DEFAULT '0000-00-00 00:00:00',
  `created_by` varchar(100) DEFAULT NULL,
  `modified_by` varchar(100) DEFAULT NULL,
  `instructions` text,
  PRIMARY KEY (`name`),
  UNIQUE KEY `id` (`id`)
) ENGINE=InnoDB AUTO_INCREMENT=4 DEFAULT CHARSET=latin1;
/*!40101 SET character_set_client = @saved_cs_client */;

--
-- Dumping data for table `tests`
--

LOCK TABLES `tests` WRITE;
/*!40000 ALTER TABLE `tests` DISABLE KEYS */;
INSERT INTO `tests` VALUES (1,'GATE CSE-2012 Paper',60,1,'exam',1,'2016-09-08 10:50:45','2016-09-12 14:10:54',NULL,NULL,'1. asdjfhadjsf asdkfj lasdfj lasdfjlas dfkhfjaskhf dsjf asdjhf lasdfaf asdfkjhas dlflasdjf hladskjfhladfjshladfjs h.<br>1. asdjfhadjsf asdkfj lasdfj lasdfjlas dfkhfjaskhf dsjf asdjhf lasdfaf asdfkjhas dlflasdjf hladskjfhladfjshladfjs h.<br>1. asdjfhadjsf asdkfj lasdfj lasdfjlas dfkhfjaskhf dsjf asdjhf lasdfaf asdfkjhas dlflasdjf hladskjfhladfjshladfjs h.<br>1. asdjfhadjsf asdkfj lasdfj lasdfjlas dfkhfjaskhf dsjf asdjhf lasdfaf asdfkjhas dlflasdjf hladskjfhladfjshladfjs h.<br>1. asdjfhadjsf asdkfj lasdfj lasdfjlas dfkhfjaskhf dsjf asdjhf lasdfaf asdfkjhas dlflasdjf hladskjfhladfjshladfjs h.<br>1. asdjfhadjsf asdkfj lasdfj lasdfjlas dfkhfjaskhf dsjf asdjhf lasdfaf asdfkjhas dlflasdjf hladskjfhladfjshladfjs h.'),(2,'GATE CSE-2013 Paper',60,1,'exam',1,'2016-09-08 10:50:55','2016-09-12 14:10:54',NULL,NULL,'1. asdjfhadjsf asdkfj lasdfj lasdfjlas dfkhfjaskhf dsjf asdjhf lasdfaf asdfkjhas dlflasdjf hladskjfhladfjshladfjs h.<br>1. asdjfhadjsf asdkfj lasdfj lasdfjlas dfkhfjaskhf dsjf asdjhf lasdfaf asdfkjhas dlflasdjf hladskjfhladfjshladfjs h.<br>1. asdjfhadjsf asdkfj lasdfj lasdfjlas dfkhfjaskhf dsjf asdjhf lasdfaf asdfkjhas dlflasdjf hladskjfhladfjshladfjs h.<br>1. asdjfhadjsf asdkfj lasdfj lasdfjlas dfkhfjaskhf dsjf asdjhf lasdfaf asdfkjhas dlflasdjf hladskjfhladfjshladfjs h.<br>1. asdjfhadjsf asdkfj lasdfj lasdfjlas dfkhfjaskhf dsjf asdjhf lasdfaf asdfkjhas dlflasdjf hladskjfhladfjshladfjs h.<br>1. asdjfhadjsf asdkfj lasdfj lasdfjlas dfkhfjaskhf dsjf asdjhf lasdfaf asdfkjhas dlflasdjf hladskjfhladfjshladfjs h.'),(3,'GATE CSE-2016 Paper',60,1,'exam',1,'2016-09-13 00:22:17','2016-09-13 00:44:48',NULL,NULL,'1. asdjfhadjsf asdkfj lasdfj lasdfjlas dfkhfjaskhf dsjf asdjhf lasdfaf asdfkjhas dlflasdjf hladskjfhladfjshladfjs h.<br>1. asdjfhadjsf asdkfj lasdfj lasdfjlas dfkhfjaskhf dsjf asdjhf lasdfaf asdfkjhas dlflasdjf hladskjfhladfjshladfjs h.<br>1. asdjfhadjsf asdkfj lasdfj lasdfjlas dfkhfjaskhf dsjf asdjhf lasdfaf asdfkjhas dlflasdjf hladskjfhladfjshladfjs h.<br>1. asdjfhadjsf asdkfj lasdfj lasdfjlas dfkhfjaskhf dsjf asdjhf lasdfaf asdfkjhas dlflasdjf hladskjfhladfjshladfjs h.<br>1. asdjfhadjsf asdkfj lasdfj lasdfjlas dfkhfjaskhf dsjf asdjhf lasdfaf asdfkjhas dlflasdjf hladskjfhladfjshladfjs h.<br>1. asdjfhadjsf asdkfj lasdfj lasdfjlas dfkhfjaskhf dsjf asdjhf lasdfaf asdfkjhas dlflasdjf hladskjfhladfjshladfjs h.');
/*!40000 ALTER TABLE `tests` ENABLE KEYS */;
UNLOCK TABLES;
/*!50003 SET @saved_cs_client      = @@character_set_client */ ;
/*!50003 SET @saved_cs_results     = @@character_set_results */ ;
/*!50003 SET @saved_col_connection = @@collation_connection */ ;
/*!50003 SET character_set_client  = utf8 */ ;
/*!50003 SET character_set_results = utf8 */ ;
/*!50003 SET collation_connection  = utf8_general_ci */ ;
/*!50003 SET @saved_sql_mode       = @@sql_mode */ ;
/*!50003 SET sql_mode              = 'NO_ENGINE_SUBSTITUTION' */ ;
DELIMITER ;;
/*!50003 CREATE*/ /*!50017 DEFINER=`root`@`localhost`*/ /*!50003 TRIGGER test_update_entry BEFORE UPDATE ON tests FOR EACH ROW SET NEW.modify_date = CURRENT_TIMESTAMP */;;
DELIMITER ;
/*!50003 SET sql_mode              = @saved_sql_mode */ ;
/*!50003 SET character_set_client  = @saved_cs_client */ ;
/*!50003 SET character_set_results = @saved_cs_results */ ;
/*!50003 SET collation_connection  = @saved_col_connection */ ;

--
-- Table structure for table `topic_master`
--

DROP TABLE IF EXISTS `topic_master`;
/*!40101 SET @saved_cs_client     = @@character_set_client */;
/*!40101 SET character_set_client = utf8 */;
CREATE TABLE `topic_master` (
  `id` int(11) NOT NULL AUTO_INCREMENT,
  `name` varchar(255) NOT NULL,
  `abbreviation` varchar(100) DEFAULT NULL,
  `chapter_id` int(11) NOT NULL,
  `create_date` timestamp NOT NULL DEFAULT CURRENT_TIMESTAMP,
  `modify_date` timestamp NOT NULL DEFAULT '0000-00-00 00:00:00',
  `created_by` varchar(100) DEFAULT NULL,
  `modified_by` varchar(100) DEFAULT NULL,
  PRIMARY KEY (`name`),
  UNIQUE KEY `id` (`id`),
  KEY `chap_id` (`chapter_id`),
  CONSTRAINT `chap_id` FOREIGN KEY (`chapter_id`) REFERENCES `chapter_master` (`id`) ON DELETE CASCADE ON UPDATE CASCADE
) ENGINE=InnoDB DEFAULT CHARSET=latin1;
/*!40101 SET character_set_client = @saved_cs_client */;

--
-- Dumping data for table `topic_master`
--

LOCK TABLES `topic_master` WRITE;
/*!40000 ALTER TABLE `topic_master` DISABLE KEYS */;
/*!40000 ALTER TABLE `topic_master` ENABLE KEYS */;
UNLOCK TABLES;
/*!50003 SET @saved_cs_client      = @@character_set_client */ ;
/*!50003 SET @saved_cs_results     = @@character_set_results */ ;
/*!50003 SET @saved_col_connection = @@collation_connection */ ;
/*!50003 SET character_set_client  = utf8 */ ;
/*!50003 SET character_set_results = utf8 */ ;
/*!50003 SET collation_connection  = utf8_general_ci */ ;
/*!50003 SET @saved_sql_mode       = @@sql_mode */ ;
/*!50003 SET sql_mode              = 'NO_ENGINE_SUBSTITUTION' */ ;
DELIMITER ;;
/*!50003 CREATE*/ /*!50017 DEFINER=`root`@`localhost`*/ /*!50003 TRIGGER topic_master_update_entry BEFORE UPDATE ON topic_master FOR EACH ROW SET NEW.modify_date = CURRENT_TIMESTAMP */;;
DELIMITER ;
/*!50003 SET sql_mode              = @saved_sql_mode */ ;
/*!50003 SET character_set_client  = @saved_cs_client */ ;
/*!50003 SET character_set_results = @saved_cs_results */ ;
/*!50003 SET collation_connection  = @saved_col_connection */ ;

--
-- Table structure for table `user`
--

DROP TABLE IF EXISTS `user`;
/*!40101 SET @saved_cs_client     = @@character_set_client */;
/*!40101 SET character_set_client = utf8 */;
CREATE TABLE `user` (
  `id` int(11) NOT NULL AUTO_INCREMENT,
  `name` varchar(255) NOT NULL,
  `email` varchar(255) NOT NULL,
  `phone` varchar(10) DEFAULT NULL,
  `password` varchar(255) DEFAULT NULL,
  `status` varchar(250) DEFAULT NULL,
  `salt` varchar(250) DEFAULT NULL,
  `saltid` varchar(250) DEFAULT NULL,
  `start_time` varchar(250) DEFAULT NULL,
  `reg_source` varchar(100) DEFAULT NULL,
  `reg_platform` varchar(100) DEFAULT NULL,
  `create_date` timestamp NOT NULL DEFAULT CURRENT_TIMESTAMP,
  `modify_date` timestamp NOT NULL DEFAULT '0000-00-00 00:00:00',
  `created_by` varchar(100) DEFAULT NULL,
  `modified_by` varchar(100) DEFAULT NULL,
  `exam_id` int(11) DEFAULT NULL,
  PRIMARY KEY (`email`),
  UNIQUE KEY `user_id` (`id`),
  UNIQUE KEY `phone` (`phone`)
) ENGINE=InnoDB AUTO_INCREMENT=49 DEFAULT CHARSET=latin1;
/*!40101 SET character_set_client = @saved_cs_client */;

--
-- Dumping data for table `user`
--

LOCK TABLES `user` WRITE;
/*!40000 ALTER TABLE `user` DISABLE KEYS */;
INSERT INTO `user` VALUES (48,'AACHAL KALPANDE','aachalkalpande@gmail.com',NULL,NULL,'1',NULL,NULL,NULL,'google',NULL,'2016-09-17 06:39:40','0000-00-00 00:00:00',NULL,NULL,1),(33,'adichallenges@gmail.com','Aditya Prasad',NULL,NULL,'1',NULL,NULL,NULL,'facebook',NULL,'2016-09-16 13:03:27','0000-00-00 00:00:00',NULL,NULL,1),(44,'amarendu debnath','amarfrndz143@gmail.com',NULL,NULL,'1',NULL,NULL,NULL,'google',NULL,'2016-09-16 19:48:46','0000-00-00 00:00:00',NULL,NULL,1),(43,'Bobby kumar','bobbykumar4423@gmail.com',NULL,NULL,'1',NULL,NULL,NULL,'google',NULL,'2016-09-16 17:57:28','0000-00-00 00:00:00',NULL,NULL,1),(36,'CHANDRA SHEKHAR','cindauliya@gmail.com','8560090924','bb40175adaaa48973464d1e70e220bab','1','351005357dc0ae446a6c5.08137981','bcf42a93ccef2064902e60e90732d1dd','1474038735',NULL,NULL,'2016-09-16 15:08:20','2016-09-16 15:13:45',NULL,NULL,1),(34,'DEVENDRA PRATAP SINGH','devendrapratap01993@gmail.com','8563905236','471a92ba3f87fac49026445f5726a35b','0','374302357dbf8e7d55cf7.19727778','80994cbe87a683a6fac0b4d8cfd44ce0','1474034173',NULL,NULL,'2016-09-16 13:51:35','2016-09-16 13:56:13',NULL,NULL,1),(38,'rads','dhanyasree1729@gmail.com','9619795085','a5540df91bc75afc53621be42282a4bc','1','553193157dc0c582f0f33.02376238','4ddcf652acefe4da35d021a2e36896e4','1474038872',NULL,NULL,'2016-09-16 15:14:32','2016-09-16 15:16:21',NULL,NULL,1),(3,'dinesh','dinesh.dogra@numetriclabz.com','1232232323','efe6398127928f1b2e9ef3207fb82663','0','514779957d3f3964d9925.13094712','a532eb1cb2014a192dd73d39fcb5ffed','1473508246',NULL,NULL,'2016-09-10 11:50:46','2016-09-12 11:40:37',NULL,NULL,1),(8,'geyum riba','geyumriba@gmail.com','8974998360','9e96030c960d9523fc9101bcd9018566','0','988713957d7a67672e557.20635615','35d2ece59420b901b93a6b965db89b5a','1473750787',NULL,NULL,'2016-09-13 07:10:46','2016-09-13 07:13:07',NULL,NULL,1),(32,'undefined','Gurpartap Ramgharia',NULL,NULL,'1',NULL,NULL,NULL,'facebook',NULL,'2016-09-16 13:01:25','0000-00-00 00:00:00',NULL,NULL,1),(7,'HAREESH','haridasulaharish@gmail.com','9966695932','2d4624cb675335bc8d732b1d29741c76','1','232695557d7a402130ae3.35990934','93ee9228250737d41f9c65a4d2ae925d','1473750018',NULL,NULL,'2016-09-13 07:00:18','2016-09-13 07:03:29',NULL,NULL,1),(16,'hsingh3016@gmail.com','Harsh Singh',NULL,NULL,'1',NULL,NULL,NULL,'facebook',NULL,'2016-09-15 13:29:28','0000-00-00 00:00:00',NULL,NULL,1),(35,'Elakkiya M','hemaelaks@gmail.com',NULL,NULL,'1',NULL,NULL,NULL,'google',NULL,'2016-09-16 14:33:56','0000-00-00 00:00:00',NULL,NULL,1),(47,'ishwar khande','ishwarkhande55@gmail.com','9552943702','5cf61c9f1441713704d610c106e2c841','0','813634857dce4d3382bd7.25653616','ef5ded8c8cf5a1c230c9950be02d91a3','1474094314',NULL,NULL,'2016-09-17 06:38:11','2016-09-17 06:38:34',NULL,NULL,1),(5,'Jayadeep ','jayadeeep.me@gmail.com','8332833354','c4946d299da8cf1c60eedea1ec7ceb48','0','362432357d791cdc15ee2.71428069','a84f3abd771786fb63325ed507110459','1473745357',NULL,NULL,'2016-09-13 05:42:37','0000-00-00 00:00:00',NULL,NULL,1),(25,'laxmikant','laxmikant.rathore007@gmail.com','9907409529','57f364bbe90a9b7d06cd90f99ab24d92','0','690898457dba292d60431.73060234','a817a1fbe24ca6c8c7677cabed0c0718','1474011811',NULL,NULL,'2016-09-16 07:43:14','2016-09-16 07:43:31',NULL,NULL,1),(42,'mahadev ','mahadevpawar19@gmail.com','9579797235','2de7b3a4aacb3211143a8306ed53808e','1','173959257dc2f90beeb65.71914844','978942dde9bb72ac0cf6cddf2815d57c','1474047888',NULL,NULL,'2016-09-16 17:44:48','2016-09-16 17:45:47',NULL,NULL,1),(12,'Megha','meghagroverm16@gmail.com','8059654246','de053b574cb61cda767c2a0202ff1642','1','448320757d8e86f2f0d81.43200897','12483dcb3fdefc38c7bf654a79c5733f','1473833071',NULL,NULL,'2016-09-14 06:04:31','2016-09-14 06:05:11',NULL,NULL,1),(27,'Dipak Gore','mrdipakgore28@gmail.com','9657932983','3710d0f3f92f1d1754bbdf0fd9453099','0','25689957dbd099530ab8.03661467','802eed36f8b9d68175210611f5657a4b','1474023577',NULL,NULL,'2016-09-16 10:59:37','0000-00-00 00:00:00',NULL,NULL,1),(22,'nagasaibabusomala@gmail.com','Nagasai Somala',NULL,NULL,'1',NULL,NULL,NULL,'facebook',NULL,'2016-09-16 05:02:03','0000-00-00 00:00:00',NULL,NULL,1),(41,'k narayana rao','nani760@gmail.com','9160391004','2f6dd3c854094362ee210e2ec12fc791','0','688288357dc2a7e625d82.93854220','4a903ac82504bc0223355d11da7f4129','1474046605',NULL,NULL,'2016-09-16 17:23:10','2016-09-16 17:23:25',NULL,NULL,1),(19,'sita ram prasanth','pamuprasanth789@gmail.com','7799100727','e927d14701fe843f04e2eb427417d609','0','579136057daa68fb8b623.38329542','40e2dba06ff497f40c090bab276cb3c5','1473947465',NULL,NULL,'2016-09-15 13:47:59','2016-09-15 13:51:05',NULL,NULL,1),(31,'JALAJ KUMAR DUBEY','pandey20speak@gmail.com','7839128149','63e25117dbbf33790bd7d6850d955adb','1','125736957dbea9326c0a9.32274608','efc2c4066a5cc5157639778a00fc1caa','1474030227',NULL,NULL,'2016-09-16 12:50:27','2016-09-16 12:53:10',NULL,NULL,1),(37,'Anand Prakash','prakashanand1122@gmail.com',NULL,NULL,'1',NULL,NULL,NULL,'google',NULL,'2016-09-16 15:14:15','0000-00-00 00:00:00',NULL,NULL,1),(39,'PUSHPENDRA MEENA','pushpendrameena498@gmail.com','7221006340','6ec4bba5a49526d491070aa60bb70b7a','1','607333257dc2487519a54.56337125','0a8f1caaf02113478339fcaae79398c3','1474045063',NULL,NULL,'2016-09-16 16:57:43','2016-09-16 16:59:21',NULL,NULL,1),(10,'rajesh','rajeshyadav1001216@gmail.com','7204580871','54e463a97a0383f87f1fa219f968ca45','1','620813457d7e542e9b779.57878499','7ca577848bb431fb4987210dd2197b70','1473766722',NULL,NULL,'2016-09-13 11:38:42','2016-09-13 11:40:36',NULL,NULL,1),(6,'ramsingh ','ram82022@gmaul.com','7068718820','ac89a6101052100115630285edc36201','0','206047057d79f4c912cb5.96319216','01d31357bfcb4a90f7958d37ddf67e84','1473748812',NULL,NULL,'2016-09-13 06:40:12','0000-00-00 00:00:00',NULL,NULL,1),(13,'ravi','ravisolankice47@gmail.com','9427422398','59b3f05af8a5e3b0661fbf8c8f67eb51','0','664863757d914584c0555.41226550','5e734fa64f8636c5570a4ad94626b526','1473844341',NULL,NULL,'2016-09-14 09:11:52','2016-09-14 09:12:21',NULL,NULL,1),(24,'SHEIK RESHMA','reshusk442@gmail.com','9666324564','5fa92fbbeefb0834ba661b03fbc8feab','1','28660557db915f636dd4.13058797','0992dd272630274e450f75eb3defdfdd','1474007391',NULL,NULL,'2016-09-16 06:29:51','2016-09-16 06:31:17',NULL,NULL,1),(14,'Sachin Jaiswal','sachin.jaiswal@numetriclabz.com',NULL,NULL,'1',NULL,NULL,NULL,'google',NULL,'2016-09-15 07:53:47','0000-00-00 00:00:00',NULL,NULL,1),(28,'SANAY KUMAR','sanayme10@gmail.com','9818089981','f3d1cd6a2503a11482132265c5028ca2','0','375813857dbda5132ee81.89287647','9d683744a3b65ca31b43961fa5f74523','1474028643',NULL,NULL,'2016-09-16 11:41:05','2016-09-16 12:24:03',NULL,NULL,1),(23,'SELVAKUMAR.G','selvakmr592@gmail.com','7845859311','0138f1a72191fedd43cd3090c710bd0a','1','721114657db7f799f4785.38433592','18a86a14058c1cc45c12597193707002','1474002973',NULL,NULL,'2016-09-16 05:13:29','2016-09-16 05:17:47',NULL,NULL,1),(18,'shashank.jain@gmail.com','Shashank Jain',NULL,NULL,'1',NULL,NULL,NULL,'facebook',NULL,'2016-09-15 13:44:46','0000-00-00 00:00:00',NULL,NULL,1),(15,'Shashank Jain','shashank.jain@gmail.com',NULL,NULL,'1',NULL,NULL,NULL,'google',NULL,'2016-09-15 09:38:20','0000-00-00 00:00:00',NULL,NULL,1),(26,'Shib Debbarma','shib.devvarma@gmail.com',NULL,NULL,'1',NULL,NULL,NULL,'google',NULL,'2016-09-16 10:45:15','0000-00-00 00:00:00',NULL,NULL,1),(9,'shashank','sj@numetriclabz.com','9910074373','6d4920298ecd3a078833f442bc71f3a9','1','333524057d7b60741fad0.06141422','ac383648dfadc8bc5f0b9da0739c316c','1473754631',NULL,NULL,'2016-09-13 08:17:11','2016-09-13 08:17:25',NULL,NULL,1),(20,'Aditya Narayan','stoltzmanaditya@gmail.com','7322047250','0a5f4b042150f2c833691c3c438f99ae','1','945179157daa85ac76727.23253745','af756b61383af46c6019b78c5db48faf','1473947738',NULL,NULL,'2016-09-15 13:55:38','2016-09-15 13:57:35',NULL,NULL,1),(21,'supriya','supriyaa2926@gmail.com','8179809305','4045c88b3b8f986399ac36c704f7c4c5','0','563038357dabc966a6fe4.61037481','0abeb61d5331b05f3bd255ff343c6934','1473952918',NULL,NULL,'2016-09-15 15:21:58','0000-00-00 00:00:00',NULL,NULL,1),(4,'Thalluri koteswara rao','thalluriroyals786@gmail.com','9985339632','71c4c28c774dc618f7adb8089c670e7f','0','356389757d78fcb48dd67.32456757','2f58919b76d8479d10116e97e0dad24f','1473744843',NULL,NULL,'2016-09-13 05:34:03','0000-00-00 00:00:00',NULL,NULL,1),(30,'neeraj pandey','thedimension000@gmail.com',NULL,NULL,'1',NULL,NULL,NULL,'google',NULL,'2016-09-16 12:29:16','0000-00-00 00:00:00',NULL,NULL,1),(46,'uddipansaha@gmail.com','Uddipan Sunny Saha',NULL,NULL,'1',NULL,NULL,NULL,'facebook',NULL,'2016-09-16 20:04:07','0000-00-00 00:00:00',NULL,NULL,1),(17,'sonut09@gmail.com','Udit Suryavanshi',NULL,NULL,'1',NULL,NULL,NULL,'facebook',NULL,'2016-09-15 13:30:20','0000-00-00 00:00:00',NULL,NULL,1),(1,'Udit','udit@numetriclabz.com','1231231230','d8578edf8458ce06fbc5bb76a58c5ca4','1','250219857cff96a7e4b92.44728558','4b049aee7740349a3b245c4c13fdc7c3','1473247594',NULL,NULL,'2016-09-07 11:26:34','2016-09-12 11:40:37',NULL,NULL,1),(29,'NITHYA VENNILA','ven28591@gmail.com',NULL,NULL,'1',NULL,NULL,NULL,'google',NULL,'2016-09-16 12:11:58','0000-00-00 00:00:00',NULL,NULL,1),(11,'vijay','vijayahirwal27@gmail.com','9691755964','7e786469e8af99b32ff29c31578f738f','0','464918557d7f01acb6ef2.68593952','23623b9a4efd9dc101ae9878fcbec9fd','1473769498',NULL,NULL,'2016-09-13 12:24:58','0000-00-00 00:00:00',NULL,NULL,1),(45,'vikash','vikash000pandey@gmail.com','8400390995','aba5982a9e0ce42afd452875e96d1c9f','0','4967557dc4fa2cc7dc8.81583041','2bb9ed0649b8a07b00e41402068a77fe','1474056098',NULL,NULL,'2016-09-16 20:01:38','0000-00-00 00:00:00',NULL,NULL,1),(2,'pankaj','vikrant.chauhan@numetriclabz.com','1231231231','8cfa2282b17de0a598c010f5f0109e7d','1','384543957d24930017488.46148080','3fb9e4037cc21899622cf6c76d1823c9','1473923364',NULL,NULL,'2016-09-09 05:31:28','2016-09-15 07:09:47',NULL,NULL,1),(40,'yesh kumar','yeshkumar2013@gmail.com',NULL,NULL,'1',NULL,NULL,NULL,'google',NULL,'2016-09-16 16:59:24','0000-00-00 00:00:00',NULL,NULL,1);
/*!40000 ALTER TABLE `user` ENABLE KEYS */;
UNLOCK TABLES;
/*!50003 SET @saved_cs_client      = @@character_set_client */ ;
/*!50003 SET @saved_cs_results     = @@character_set_results */ ;
/*!50003 SET @saved_col_connection = @@collation_connection */ ;
/*!50003 SET character_set_client  = utf8 */ ;
/*!50003 SET character_set_results = utf8 */ ;
/*!50003 SET collation_connection  = utf8_general_ci */ ;
/*!50003 SET @saved_sql_mode       = @@sql_mode */ ;
/*!50003 SET sql_mode              = 'NO_ENGINE_SUBSTITUTION' */ ;
DELIMITER ;;
/*!50003 CREATE*/ /*!50017 DEFINER=`root`@`localhost`*/ /*!50003 TRIGGER user_update_entry BEFORE UPDATE ON user FOR EACH ROW SET NEW.modify_date = CURRENT_TIMESTAMP */;;
DELIMITER ;
/*!50003 SET sql_mode              = @saved_sql_mode */ ;
/*!50003 SET character_set_client  = @saved_cs_client */ ;
/*!50003 SET character_set_results = @saved_cs_results */ ;
/*!50003 SET collation_connection  = @saved_col_connection */ ;

--
-- Table structure for table `user_test_details`
--

DROP TABLE IF EXISTS `user_test_details`;
/*!40101 SET @saved_cs_client     = @@character_set_client */;
/*!40101 SET character_set_client = utf8 */;
CREATE TABLE `user_test_details` (
  `id` int(11) NOT NULL AUTO_INCREMENT,
  `utr_id` int(11) NOT NULL,
  `state` varchar(255) DEFAULT NULL,
  `time_taken` int(11) DEFAULT NULL,
  `create_date` timestamp NOT NULL DEFAULT CURRENT_TIMESTAMP,
  `modify_date` timestamp NOT NULL DEFAULT '0000-00-00 00:00:00',
  `created_by` varchar(100) DEFAULT NULL,
  `modified_by` varchar(100) DEFAULT NULL,
  `question_id` int(11) DEFAULT NULL,
  `answer_id` int(11) DEFAULT NULL,
  `is_Correct` tinyint(1) DEFAULT NULL,
  UNIQUE KEY `id` (`id`),
  UNIQUE KEY `utr_ques` (`utr_id`,`question_id`),
  CONSTRAINT `utr_utd_id` FOREIGN KEY (`utr_id`) REFERENCES `user_test_report` (`id`) ON DELETE CASCADE ON UPDATE CASCADE
) ENGINE=InnoDB AUTO_INCREMENT=63 DEFAULT CHARSET=latin1;
/*!40101 SET character_set_client = @saved_cs_client */;

--
-- Dumping data for table `user_test_details`
--

LOCK TABLES `user_test_details` WRITE;
/*!40000 ALTER TABLE `user_test_details` DISABLE KEYS */;
INSERT INTO `user_test_details` VALUES (1,1,NULL,NULL,'2016-09-12 10:05:26','2016-09-12 10:06:44',NULL,NULL,1,1,1),(4,1,NULL,NULL,'2016-09-12 10:07:11','0000-00-00 00:00:00',NULL,NULL,2,2,0),(5,1,NULL,NULL,'2016-09-12 10:07:22','0000-00-00 00:00:00',NULL,NULL,4,1,1),(6,1,NULL,NULL,'2016-09-12 14:18:16','2016-09-12 14:18:17',NULL,NULL,13,3,0),(8,1,NULL,NULL,'2016-09-12 14:18:21','0000-00-00 00:00:00',NULL,NULL,16,2,1),(9,1,NULL,NULL,'2016-09-13 05:12:52','0000-00-00 00:00:00',NULL,NULL,25,1,0),(10,498,NULL,NULL,'2016-09-15 13:56:36','2016-09-16 03:47:01',NULL,NULL,1,3,0),(11,516,NULL,NULL,'2016-09-15 14:22:33','0000-00-00 00:00:00',NULL,NULL,106,3,0),(13,498,NULL,NULL,'2016-09-16 03:47:05','0000-00-00 00:00:00',NULL,NULL,2,1,0),(14,498,NULL,NULL,'2016-09-16 03:47:09','0000-00-00 00:00:00',NULL,NULL,3,2,1),(15,498,NULL,NULL,'2016-09-16 03:47:12','0000-00-00 00:00:00',NULL,NULL,4,2,1),(16,498,NULL,NULL,'2016-09-16 03:47:16','0000-00-00 00:00:00',NULL,NULL,5,2,1),(17,545,NULL,NULL,'2016-09-16 06:01:37','0000-00-00 00:00:00',NULL,NULL,96,1,0),(18,562,NULL,NULL,'2016-09-16 10:46:18','2016-09-16 11:17:23',NULL,NULL,96,2,1),(19,562,NULL,NULL,'2016-09-16 10:47:18','2016-09-16 11:17:29',NULL,NULL,97,0,1),(20,562,NULL,NULL,'2016-09-16 10:47:59','2016-09-16 11:17:40',NULL,NULL,98,1,0),(21,562,NULL,NULL,'2016-09-16 11:02:13','2016-09-16 11:17:48',NULL,NULL,99,1,0),(23,562,NULL,NULL,'2016-09-16 11:08:58','0000-00-00 00:00:00',NULL,NULL,100,0,0),(24,562,NULL,NULL,'2016-09-16 11:11:20','0000-00-00 00:00:00',NULL,NULL,101,2,0),(25,562,NULL,NULL,'2016-09-16 11:13:12','0000-00-00 00:00:00',NULL,NULL,102,3,1),(30,576,NULL,NULL,'2016-09-16 12:12:53','0000-00-00 00:00:00',NULL,NULL,96,2,0),(31,576,NULL,NULL,'2016-09-16 12:13:08','0000-00-00 00:00:00',NULL,NULL,97,1,0),(32,576,NULL,NULL,'2016-09-16 12:14:18','0000-00-00 00:00:00',NULL,NULL,99,1,0),(33,576,NULL,NULL,'2016-09-16 12:14:46','0000-00-00 00:00:00',NULL,NULL,100,0,0),(34,576,NULL,NULL,'2016-09-16 12:15:13','0000-00-00 00:00:00',NULL,NULL,101,2,0),(35,576,NULL,NULL,'2016-09-16 12:15:38','0000-00-00 00:00:00',NULL,NULL,102,0,0),(36,576,NULL,NULL,'2016-09-16 12:16:20','0000-00-00 00:00:00',NULL,NULL,103,2,0),(37,576,NULL,NULL,'2016-09-16 12:17:24','0000-00-00 00:00:00',NULL,NULL,104,2,0),(38,592,NULL,NULL,'2016-09-16 12:30:44','0000-00-00 00:00:00',NULL,NULL,1,1,0),(39,594,NULL,NULL,'2016-09-16 12:54:17','0000-00-00 00:00:00',NULL,NULL,1,0,0),(40,471,NULL,NULL,'2016-09-16 13:39:06','0000-00-00 00:00:00',NULL,NULL,26,2,0),(41,636,NULL,NULL,'2016-09-16 15:15:22','0000-00-00 00:00:00',NULL,NULL,96,3,1),(42,636,NULL,NULL,'2016-09-16 15:15:56','0000-00-00 00:00:00',NULL,NULL,97,0,1),(43,636,NULL,NULL,'2016-09-16 15:16:47','0000-00-00 00:00:00',NULL,NULL,98,1,0),(44,636,NULL,NULL,'2016-09-16 15:17:43','0000-00-00 00:00:00',NULL,NULL,99,2,1),(45,636,NULL,NULL,'2016-09-16 15:18:36','0000-00-00 00:00:00',NULL,NULL,100,0,0),(46,636,NULL,NULL,'2016-09-16 15:19:04','0000-00-00 00:00:00',NULL,NULL,101,2,0),(47,636,NULL,NULL,'2016-09-16 15:20:02','0000-00-00 00:00:00',NULL,NULL,102,0,0),(48,636,NULL,NULL,'2016-09-16 15:20:54','0000-00-00 00:00:00',NULL,NULL,103,2,0),(49,646,NULL,NULL,'2016-09-16 15:21:25','0000-00-00 00:00:00',NULL,NULL,96,3,1),(50,636,NULL,NULL,'2016-09-16 15:21:35','0000-00-00 00:00:00',NULL,NULL,104,1,1),(51,646,NULL,NULL,'2016-09-16 15:21:45','0000-00-00 00:00:00',NULL,NULL,97,0,1),(52,636,NULL,NULL,'2016-09-16 15:21:46','0000-00-00 00:00:00',NULL,NULL,105,1,1),(53,646,NULL,NULL,'2016-09-16 15:22:13','0000-00-00 00:00:00',NULL,NULL,98,0,1),(54,646,NULL,NULL,'2016-09-16 15:24:42','0000-00-00 00:00:00',NULL,NULL,99,2,1),(55,646,NULL,NULL,'2016-09-16 15:26:30','0000-00-00 00:00:00',NULL,NULL,100,1,0),(56,646,NULL,NULL,'2016-09-16 15:28:21','0000-00-00 00:00:00',NULL,NULL,103,3,1),(57,646,NULL,NULL,'2016-09-16 15:31:27','0000-00-00 00:00:00',NULL,NULL,106,3,0),(58,646,NULL,NULL,'2016-09-16 15:32:15','0000-00-00 00:00:00',NULL,NULL,120,3,0),(59,678,NULL,NULL,'2016-09-16 19:51:28','0000-00-00 00:00:00',NULL,NULL,1,1,0),(60,471,NULL,NULL,'2016-09-17 03:58:04','0000-00-00 00:00:00',NULL,NULL,1,1,0),(61,471,NULL,NULL,'2016-09-17 03:58:06','0000-00-00 00:00:00',NULL,NULL,2,2,1),(62,471,NULL,NULL,'2016-09-17 03:58:09','0000-00-00 00:00:00',NULL,NULL,3,3,0);
/*!40000 ALTER TABLE `user_test_details` ENABLE KEYS */;
UNLOCK TABLES;
/*!50003 SET @saved_cs_client      = @@character_set_client */ ;
/*!50003 SET @saved_cs_results     = @@character_set_results */ ;
/*!50003 SET @saved_col_connection = @@collation_connection */ ;
/*!50003 SET character_set_client  = utf8 */ ;
/*!50003 SET character_set_results = utf8 */ ;
/*!50003 SET collation_connection  = utf8_general_ci */ ;
/*!50003 SET @saved_sql_mode       = @@sql_mode */ ;
/*!50003 SET sql_mode              = 'NO_ENGINE_SUBSTITUTION' */ ;
DELIMITER ;;
/*!50003 CREATE*/ /*!50017 DEFINER=`root`@`localhost`*/ /*!50003 TRIGGER utd_update_entry BEFORE UPDATE ON user_test_details FOR EACH ROW SET NEW.modify_date = CURRENT_TIMESTAMP */;;
DELIMITER ;
/*!50003 SET sql_mode              = @saved_sql_mode */ ;
/*!50003 SET character_set_client  = @saved_cs_client */ ;
/*!50003 SET character_set_results = @saved_cs_results */ ;
/*!50003 SET collation_connection  = @saved_col_connection */ ;

--
-- Table structure for table `user_test_report`
--

DROP TABLE IF EXISTS `user_test_report`;
/*!40101 SET @saved_cs_client     = @@character_set_client */;
/*!40101 SET character_set_client = utf8 */;
CREATE TABLE `user_test_report` (
  `id` int(11) NOT NULL AUTO_INCREMENT,
  `user_id` int(11) NOT NULL,
  `test_id` int(11) NOT NULL,
  `test_status` varchar(100) DEFAULT NULL,
  `ques_attempted` int(11) DEFAULT NULL,
  `time_taken` int(11) DEFAULT NULL,
  `create_date` timestamp NOT NULL DEFAULT CURRENT_TIMESTAMP,
  `modify_date` timestamp NOT NULL DEFAULT '0000-00-00 00:00:00',
  `created_by` varchar(100) DEFAULT NULL,
  `modified_by` varchar(100) DEFAULT NULL,
  `total_count` int(11) DEFAULT NULL,
  UNIQUE KEY `id` (`id`),
  UNIQUE KEY `composite_test_user` (`user_id`,`test_id`),
  KEY `test_utr_id` (`test_id`),
  CONSTRAINT `test_utr_id` FOREIGN KEY (`test_id`) REFERENCES `tests` (`id`) ON DELETE CASCADE ON UPDATE CASCADE,
  CONSTRAINT `user_utr_id` FOREIGN KEY (`user_id`) REFERENCES `user` (`id`) ON DELETE CASCADE ON UPDATE CASCADE
) ENGINE=InnoDB AUTO_INCREMENT=726 DEFAULT CHARSET=latin1;
/*!40101 SET character_set_client = @saved_cs_client */;

--
-- Dumping data for table `user_test_report`
--

LOCK TABLES `user_test_report` WRITE;
/*!40000 ALTER TABLE `user_test_report` DISABLE KEYS */;
INSERT INTO `user_test_report` VALUES (1,1,1,'resumed',11,0,'2016-09-12 09:01:01','2016-09-15 13:54:42',NULL,NULL,NULL),(348,1,2,'resumed',0,0,'2016-09-12 14:15:23','2016-09-12 14:15:26',NULL,NULL,NULL),(468,9,1,'resumed',0,0,'2016-09-13 08:17:42','2016-09-13 08:18:05',NULL,NULL,NULL),(470,10,1,'resumed',0,0,'2016-09-13 11:41:59','2016-09-13 11:42:06',NULL,NULL,NULL),(471,2,1,'resumed',4,0,'2016-09-15 07:10:08','2016-09-17 04:06:35',NULL,NULL,NULL),(489,14,1,'resumed',0,0,'2016-09-15 07:53:56','2016-09-16 06:02:41',NULL,NULL,NULL),(498,18,1,'resumed',6,0,'2016-09-15 13:44:56','2016-09-17 06:57:17',NULL,NULL,NULL),(511,18,2,'started',0,0,'2016-09-15 13:57:59','0000-00-00 00:00:00',NULL,NULL,NULL),(515,2,2,'started',0,0,'2016-09-15 14:22:05','0000-00-00 00:00:00',NULL,NULL,NULL),(516,2,3,'resumed',1,0,'2016-09-15 14:22:10','2016-09-15 14:22:33',NULL,NULL,NULL),(529,18,3,'started',0,0,'2016-09-15 14:23:48','0000-00-00 00:00:00',NULL,NULL,NULL),(544,23,1,'started',0,0,'2016-09-16 05:18:28','0000-00-00 00:00:00',NULL,NULL,NULL),(545,14,3,'resumed',1,0,'2016-09-16 06:01:19','2016-09-16 06:02:58',NULL,NULL,NULL),(562,26,3,'resumed',12,0,'2016-09-16 10:45:33','2016-09-16 11:17:48',NULL,NULL,NULL),(576,29,3,'resumed',8,0,'2016-09-16 12:12:18','2016-09-16 12:17:57',NULL,NULL,NULL),(592,30,1,'resumed',1,0,'2016-09-16 12:30:03','2016-09-16 12:30:44',NULL,NULL,NULL),(594,31,1,'resumed',1,0,'2016-09-16 12:53:44','2016-09-16 12:54:17',NULL,NULL,NULL),(596,32,3,'started',0,0,'2016-09-16 13:01:46','0000-00-00 00:00:00',NULL,NULL,NULL),(597,17,1,'resumed',0,0,'2016-09-16 13:28:47','2016-09-16 13:31:35',NULL,NULL,NULL),(635,35,1,'started',0,0,'2016-09-16 14:34:11','0000-00-00 00:00:00',NULL,NULL,NULL),(636,36,3,'completed',10,0,'2016-09-16 15:14:40','2016-09-16 15:21:55',NULL,NULL,NULL),(638,37,1,'started',0,0,'2016-09-16 15:15:25','0000-00-00 00:00:00',NULL,NULL,NULL),(646,38,3,'resumed',8,0,'2016-09-16 15:21:00','2016-09-16 15:32:25',NULL,NULL,NULL),(676,39,3,'completed',0,0,'2016-09-16 16:59:53','2016-09-16 17:00:05',NULL,NULL,NULL),(677,42,3,'started',0,0,'2016-09-16 17:47:35','0000-00-00 00:00:00',NULL,NULL,NULL),(678,44,1,'completed',1,0,'2016-09-16 19:50:18','2016-09-16 19:51:55',NULL,NULL,NULL),(681,46,3,'started',0,0,'2016-09-16 20:04:32','0000-00-00 00:00:00',NULL,NULL,NULL),(724,48,1,'completed',0,0,'2016-09-17 06:52:08','2016-09-17 06:52:17',NULL,NULL,NULL);
/*!40000 ALTER TABLE `user_test_report` ENABLE KEYS */;
UNLOCK TABLES;
/*!50003 SET @saved_cs_client      = @@character_set_client */ ;
/*!50003 SET @saved_cs_results     = @@character_set_results */ ;
/*!50003 SET @saved_col_connection = @@collation_connection */ ;
/*!50003 SET character_set_client  = utf8 */ ;
/*!50003 SET character_set_results = utf8 */ ;
/*!50003 SET collation_connection  = utf8_general_ci */ ;
/*!50003 SET @saved_sql_mode       = @@sql_mode */ ;
/*!50003 SET sql_mode              = 'NO_ENGINE_SUBSTITUTION' */ ;
DELIMITER ;;
/*!50003 CREATE*/ /*!50017 DEFINER=`root`@`localhost`*/ /*!50003 TRIGGER utr_update_entry BEFORE UPDATE ON user_test_report FOR EACH ROW SET NEW.modify_date = CURRENT_TIMESTAMP */;;
DELIMITER ;
/*!50003 SET sql_mode              = @saved_sql_mode */ ;
/*!50003 SET character_set_client  = @saved_cs_client */ ;
/*!50003 SET character_set_results = @saved_cs_results */ ;
/*!50003 SET collation_connection  = @saved_col_connection */ ;
/*!40103 SET TIME_ZONE=@OLD_TIME_ZONE */;

/*!40101 SET SQL_MODE=@OLD_SQL_MODE */;
/*!40014 SET FOREIGN_KEY_CHECKS=@OLD_FOREIGN_KEY_CHECKS */;
/*!40014 SET UNIQUE_CHECKS=@OLD_UNIQUE_CHECKS */;
/*!40101 SET CHARACTER_SET_CLIENT=@OLD_CHARACTER_SET_CLIENT */;
/*!40101 SET CHARACTER_SET_RESULTS=@OLD_CHARACTER_SET_RESULTS */;
/*!40101 SET COLLATION_CONNECTION=@OLD_COLLATION_CONNECTION */;
/*!40111 SET SQL_NOTES=@OLD_SQL_NOTES */;

-- Dump completed on 2016-09-17 12:38:15
